driver_id,first_name,last_name,driver_address,email,phone,gender,age
1,Shelbi,Borrie,7195 Fulton Park,sborrie0@businesswire.com,747-430-7553,F,66
2,Gwendolen,Zanicchelli,080 Sherman Alley,gzanicchelli1@ft.com,800-688-7222,,83
3,Chevalier,Laugherane,15 Lindbergh Street,claugherane2@vk.com,496-298-1207,F,66
4,Lodovico,Lowthian,9877 Tony Hill,llowthian3@blogger.com,751-831-8581,F,51
5,Lea,Adcock,61693 Johnson Court,ladcock4@fotki.com,421-929-9782,F,38
6,Tabor,Serrurier,,tserrurier5@desdev.cn,762-754-5614,M,85
7,Essy,Castello,8 Westport Court,ecastello6@independent.co.uk,584-484-5473,F,63
8,Mick,Dearnly,56 Eliot Crossing,mdearnly7@cdc.gov,146-128-8807,M,38
9,Steffi,Pelchat,28812 Randy Park,spelchat8@angelfire.com,805-770-5067,M,44
10,Wendell,Mulbry,777 Basil Terrace,wmulbry9@npr.org,883-403-4438,M,25
11,Morgen,Tropman,781 Beilfuss Road,mtropmana@dell.com,189-275-0277,,41
12,Carolus,Hackworth,2438 Dixon Way,chackworthb@rediff.com,434-976-1923,F,22
13,Basilio,Caville,1 Express Junction,bcavillec@auda.org.au,610-774-9977,F,72
14,Bridie,Cubbino,05 Pleasure Parkway,bcubbinod@mtv.com,198-193-4405,M,21
15,Ettie,Maffioletti,32 Tony Alley,emaffiolettie@google.co.uk,639-815-4492,F,65
16,Charmain,Petty,077 Kim Point,cpettyf@yellowpages.com,235-248-3440,F,82
17,Rosalinda,Crolla,4 Packers Trail,rcrollag@businesswire.com,220-128-4148,M,81
18,Jeffy,Toke,9 Pankratz Point,jtokeh@vistaprint.com,117-753-1309,F,48
19,Dorie,Grandison,80 Fallview Point,dgrandisoni@apple.com,127-778-1685,F,18
20,Claudelle,Ridsdell,48 Glendale Crossing,cridsdellj@google.com.br,207-859-4825,M,44
21,Scarface,Venart,6261 Florence Crossing,svenartk@nbcnews.com,425-263-6711,F,42
22,Ophelie,Mantz,48 Oriole Trail,omantzl@t.co,758-500-3214,F,39
23,Rachele,Leaburn,00000 Boyd Terrace,rleaburnm@buzzfeed.com,584-303-5225,F,57
24,Annetta,Stripp,821 Chinook Pass,astrippn@jalbum.net,880-617-9963,F,61
25,Whitby,Bruff,05829 Hintze Park,wbruffo@gnu.org,512-883-7380,M,20
26,Brandea,Thickin,67499 Rockefeller Way,bthickinp@miibeian.gov.cn,470-397-9105,,35
27,Koralle,Quye,182 Debra Avenue,kquyeq@posterous.com,365-533-3157,M,80
28,Thoma,Lillee,4085 Kedzie Street,tlilleer@ucsd.edu,773-160-8700,F,39
29,Vanna,Cowie,32 Paget Point,vcowies@comsenz.com,650-825-2644,M,23
30,Adiana,Chawner,5 Golf Way,achawnert@epa.gov,833-509-3903,M,64
31,Adelice,Netting,4142 Knutson Road,anettingu@arstechnica.com,243-660-9242,F,32
32,Giffard,Bradbrook,578 Sugar Court,gbradbrookv@ftc.gov,329-131-3022,,36
33,Cleopatra,Menilove,49 Artisan Drive,cmenilovew@exblog.jp,199-217-2522,M,47
34,Seamus,O'Spillane,191 Moulton Hill,sospillanex@mail.ru,763-318-2085,M,44
35,Annaliese,Cuxson,8170 Homewood Junction,acuxsony@istockphoto.com,165-647-0039,M,56
36,Modestia,Nickell,6897 Dennis Point,mnickellz@ebay.co.uk,260-719-4674,F,53
37,Kurt,Masding,359 Jay Plaza,kmasding10@aol.com,692-190-6373,F,33
38,Lombard,Houndson,,lhoundson11@adobe.com,907-100-0817,F,42
39,Mindy,Rasor,424 Stang Park,mrasor12@diigo.com,852-663-6135,M,34
40,Sullivan,Rakes,82119 Northwestern Circle,srakes13@cyberchimps.com,999-123-4936,M,57
41,Remy,Bengtson,01 Clarendon Lane,rbengtson14@tripadvisor.com,584-207-0829,F,83
42,Bennie,Matthews,02 Morrow Terrace,bmatthews15@cnbc.com,874-814-2166,F,73
43,Pat,Rikel,9079 Nobel Crossing,prikel16@opensource.org,763-565-0334,F,64
44,Karyl,Deamer,6573 Glacier Hill Hill,kdeamer17@mozilla.com,683-790-5886,F,66
45,Chloris,Berendsen,87619 Granby Lane,cberendsen18@alexa.com,363-881-9346,,37
46,Ailis,Krause,8 Sommers Park,akrause19@slate.com,275-129-2963,M,69
47,Agata,Lampard,6 Forster Alley,alampard1a@macromedia.com,378-558-3652,F,27
48,Chet,Draper,777 Glacier Hill Center,cdraper1b@fastcompany.com,691-746-2632,M,30
49,Amalita,Clearley,3185 Toban Alley,aclearley1c@angelfire.com,456-987-2284,M,43
50,Ennis,Tenby,1 Becker Court,etenby1d@macromedia.com,781-884-0772,F,71
51,Bertina,Soppeth,693 Springview Road,bsoppeth1e@mashable.com,642-565-7323,M,26
52,Em,Pomery,912 Lotheville Drive,epomery1f@blogger.com,406-837-5451,M,77
53,Alvinia,Comi,5579 Goodland Plaza,acomi1g@reddit.com,637-679-1454,F,40
54,Lainey,Dibling,5493 Del Sol Point,ldibling1h@zdnet.com,740-938-3914,M,53
55,Jamill,Antoniottii,6379 Garrison Hill,jantoniottii1i@livejournal.com,144-645-2344,F,42
56,Meghann,O'Hern,2200 Michigan Place,mohern1j@comcast.net,654-219-7505,M,66
57,Aldin,Hadwen,094 Fisk Terrace,ahadwen1k@feedburner.com,391-629-9650,M,21
58,Norine,McEttigen,7 Dorton Trail,nmcettigen1l@ca.gov,386-267-5618,M,35
59,Agustin,Rubinsohn,0780 Meadow Vale Pass,arubinsohn1m@t-online.de,906-508-5387,F,40
60,Arie,Kubicki,880 Service Pass,akubicki1n@telegraph.co.uk,447-546-4848,F,25
61,Lionello,McReath,47 Old Shore Place,lmcreath1o@jiathis.com,718-490-4251,F,23
62,Alyssa,Hawarden,38203 Lerdahl Trail,ahawarden1p@pinterest.com,637-524-2028,M,76
63,Basilius,Dewdney,18656 Karstens Point,bdewdney1q@blinklist.com,322-640-0462,M,30
64,Upton,Abrahamsohn,85396 Kenwood Park,uabrahamsohn1r@dedecms.com,635-283-1172,M,23
65,Eddie,Colliford,458 Cottonwood Court,ecolliford1s@drupal.org,785-280-6729,F,63
66,Paxton,MacGaughie,16975 Ridgeview Avenue,pmacgaughie1t@vkontakte.ru,237-862-2204,M,42
67,Kaitlin,Scanderet,577 Drewry Drive,kscanderet1u@moonfruit.com,616-209-5152,F,59
68,Lorita,Sherwood,49 Carioca Circle,lsherwood1v@ebay.com,678-286-8002,F,23
69,Gweneth,von Hagt,9 Union Parkway,gvonhagt1w@chronoengine.com,624-682-6132,F,25
70,Hans,Mothersdale,1278 Garrison Avenue,hmothersdale1x@friendfeed.com,753-945-3698,M,20
71,Haley,Rowett,249 Vermont Alley,hrowett1y@apache.org,596-874-3277,M,80
72,Niall,Zavattieri,725 Ryan Hill,nzavattieri1z@ezinearticles.com,318-531-1320,M,83
73,Lidia,Siebert,22697 5th Circle,lsiebert20@yahoo.co.jp,610-582-8027,M,26
74,Pansy,Cawthorn,7555 Monterey Trail,pcawthorn21@fc2.com,920-845-9289,F,42
75,Ame,Hinrichs,3 Utah Point,ahinrichs22@canalblog.com,585-653-5678,M,78
76,D'arcy,Leete,,dleete23@apache.org,123-863-3225,M,21
77,Lorrie,Voysey,2 Browning Road,lvoysey24@lulu.com,952-172-7012,M,65
78,Remington,Tireman,5719 Sycamore Alley,rtireman25@adobe.com,251-714-0987,F,17
79,Ardine,Silverstone,7 Cottonwood Parkway,asilverstone26@hatena.ne.jp,205-657-1660,M,56
80,Eduardo,Boome,32646 Coleman Way,eboome27@amazon.de,923-500-7412,M,40
81,Inessa,Luckin,36620 Ridgeview Plaza,iluckin28@list-manage.com,567-617-0185,M,53
82,Ainslie,Facer,185 Acker Trail,afacer29@columbia.edu,894-408-3541,M,45
83,Kelley,Zoellner,70 Sachtjen Point,kzoellner2a@netscape.com,358-953-0285,M,23
84,Clarey,Akram,560 Little Fleur Point,cakram2b@a8.net,510-722-9589,M,32
85,Alexi,Thon,2739 Carey Terrace,athon2c@statcounter.com,278-594-6026,M,70
86,Selby,Montes,96226 Saint Paul Hill,smontes2d@linkedin.com,456-359-2448,,59
87,Guillermo,Nise,899 Pine View Avenue,gnise2e@issuu.com,314-892-6290,F,44
88,Tracy,Langer,9 Bayside Way,tlanger2f@webeden.co.uk,268-317-2983,M,22
89,Jaquenette,Sagg,8956 Upham Crossing,jsagg2g@technorati.com,432-598-6165,M,22
90,Kym,Leve,89178 Sycamore Junction,kleve2h@wordpress.org,383-772-9569,F,23
91,Tedi,Blacket,4 Arizona Junction,tblacket2i@artisteer.com,706-393-9361,F,58
92,Susannah,Draycott,0 Manley Avenue,sdraycott2j@wp.com,785-562-0459,M,22
93,Nina,Soda,0 Manitowish Lane,nsoda2k@jimdo.com,824-352-2732,F,56
94,Wandie,Strawbridge,032 Basil Point,wstrawbridge2l@harvard.edu,425-442-1304,F,36
95,Kleon,Maggiore,7502 Clove Plaza,kmaggiore2m@goo.ne.jp,183-396-1743,F,47
96,Isador,Proffer,799 Sloan Lane,iproffer2n@newsvine.com,124-758-2814,M,27
97,Bran,Lehon,18408 Scoville Court,blehon2o@51.la,140-880-4542,F,19
98,Alisha,O'Breen,85 Moose Junction,aobreen2p@prlog.org,211-657-9089,M,40
99,Anabelle,Balassa,905 Vera Way,abalassa2q@etsy.com,759-999-1733,F,79
100,Oralia,Alflat,19314 Sundown Court,oalflat2r@harvard.edu,943-356-3714,F,78
101,Daryn,Tonks,409 Emmet Pass,dtonks2s@bing.com,307-321-6973,M,16
102,Leontyne,Carter,84 Sunnyside Point,lcarter2t@reddit.com,773-491-6176,M,40
103,Waverley,Comoletti,9782 Crest Line Crossing,wcomoletti2u@hibu.com,633-212-3237,F,56
104,Pearle,Cardenoza,698 Shasta Road,pcardenoza2v@sina.com.cn,346-517-3572,F,84
105,Carny,Service,532 Warbler Plaza,cservice2w@4shared.com,331-200-5845,M,20
106,Bryn,Shepherdson,9710 Cambridge Crossing,bshepherdson2x@nbcnews.com,296-157-2840,F,66
107,Veronike,Forde,92448 Mosinee Pass,vforde2y@naver.com,858-327-3588,M,61
108,Annadiane,Jurs,077 Eastlawn Crossing,ajurs2z@instagram.com,114-157-8945,F,58
109,Cart,Cozzi,17169 Express Place,ccozzi30@wired.com,238-398-1292,F,73
110,Yorker,Wille,57112 Barby Alley,ywille31@booking.com,719-184-4006,F,80
111,Georgeanne,Goldsmith,772 Carey Hill,ggoldsmith32@lulu.com,266-964-5299,F,50
112,Sally,Galia,46 Old Gate Circle,sgalia33@aboutads.info,265-890-9153,M,40
113,Percival,Dare,01174 Oneill Alley,pdare34@icq.com,195-556-8211,,49
114,Ingrid,Sterman,03 Spaight Alley,isterman35@wisc.edu,451-537-1710,F,82
115,Tatiania,Fiddymont,125 Heffernan Crossing,tfiddymont36@xing.com,536-476-5231,F,77
116,Carri,Joslyn,883 Straubel Circle,cjoslyn37@altervista.org,625-400-8744,M,49
117,Holmes,Whitecross,17 7th Road,hwhitecross38@opensource.org,124-650-9504,M,83
118,Lorry,Ruby,00 Express Circle,lruby39@clickbank.net,402-674-6109,F,83
119,Forrester,Kreber,0029 Talmadge Trail,fkreber3a@spotify.com,558-409-6272,M,69
120,Kristine,Jeyness,3880 Dovetail Center,kjeyness3b@sciencedirect.com,862-775-6467,,39
121,Queenie,Wilder,6 Sunfield Circle,qwilder3c@vinaora.com,885-447-5186,F,48
122,Martin,Sturr,82 La Follette Plaza,msturr3d@php.net,996-490-9892,F,78
123,Marianne,McGawn,77 6th Center,mmcgawn3e@apache.org,364-361-3133,F,41
124,Nobie,Bricham,90 Declaration Way,nbricham3f@comsenz.com,504-770-7370,F,83
125,Darell,Dener,1100 Birchwood Junction,ddener3g@360.cn,752-254-5692,M,17
126,Bruis,Dodsworth,251 Manitowish Terrace,bdodsworth3h@bloglovin.com,805-136-7209,F,28
127,Jsandye,Danslow,60490 Acker Avenue,jdanslow3i@canalblog.com,236-211-7435,,51
128,Barry,Sterte,6866 Riverside Way,bsterte3j@sohu.com,874-375-4993,F,27
129,Hughie,MacGilfoyle,12 Monument Road,hmacgilfoyle3k@wunderground.com,486-473-6756,F,43
130,Launce,Roskelley,51606 Trailsway Circle,lroskelley3l@phpbb.com,456-710-3631,,72
131,Filip,Pencost,10 Spenser Avenue,fpencost3m@ibm.com,673-267-0931,F,59
132,Godfry,Kingsman,860 Pearson Junction,gkingsman3n@yelp.com,199-645-5376,M,22
133,Lotte,Napolione,50 Westport Pass,lnapolione3o@nyu.edu,414-604-6523,,71
134,Aldus,Shone,034 Mosinee Park,ashone3p@state.gov,426-152-4361,F,76
135,Malachi,Prium,465 Boyd Alley,mprium3q@google.pl,307-285-6053,M,39
136,Fernando,Neylan,04 Farmco Road,fneylan3r@bloglovin.com,632-799-5266,,56
137,Quincy,Huggill,5 Linden Lane,qhuggill3s@pcworld.com,256-738-0824,M,35
138,Crystal,Bathow,562 Hoard Center,cbathow3t@google.com.br,578-695-9007,,49
139,Morna,Ciciari,5826 Charing Cross Avenue,mciciari3u@ehow.com,246-560-0758,F,17
140,Kathrine,Fletham,2985 Atwood Plaza,kfletham3v@jimdo.com,657-805-7685,F,58
141,Darb,Algeo,7236 Namekagon Circle,dalgeo3w@privacy.gov.au,859-904-1082,F,74
142,Wren,Cockayme,11041 Tennessee Hill,wcockayme3x@list-manage.com,783-876-5839,F,34
143,Stillman,Beldom,0014 Hoepker Circle,sbeldom3y@51.la,418-452-6041,M,32
144,Regan,O'Dyvoie,5 Wayridge Parkway,rodyvoie3z@dyndns.org,339-321-9356,M,40
145,Tom,Carthy,5869 Elka Center,tcarthy40@cloudflare.com,339-469-5559,F,41
146,Cleveland,Arendsen,208 Riverside Hill,carendsen41@odnoklassniki.ru,523-367-9903,F,42
147,Bartolomeo,Yeabsley,84 Porter Place,byeabsley42@pbs.org,229-161-4966,F,46
148,Alonzo,Mendoza,6 Kedzie Parkway,amendoza43@nih.gov,484-661-4411,M,19
149,Elvin,Jerson,89 Warbler Junction,ejerson44@booking.com,840-783-2509,F,39
150,Elwood,Fairbourn,78110 Delladonna Pass,efairbourn45@nhs.uk,357-540-9254,F,68
151,Ysabel,Bautiste,1 West Hill,ybautiste46@cmu.edu,783-960-7263,M,70
152,Adolf,Braisher,65 Cambridge Drive,abraisher47@soundcloud.com,367-744-5865,M,62
153,Kaye,Kisby,808 Hallows Park,kkisby48@theatlantic.com,619-147-2719,,61
154,Connie,Labroue,77819 Shasta Drive,clabroue49@adobe.com,130-231-7830,M,52
155,Cash,Ovey,58665 American Road,covey4a@vinaora.com,982-961-0187,,82
156,Hubert,Kinforth,91 Loftsgordon Parkway,hkinforth4b@parallels.com,751-266-7309,F,17
157,Tiena,Antonopoulos,34 Loeprich Crossing,tantonopoulos4c@nasa.gov,492-992-8129,F,22
158,Frederico,Bugg,2 Little Fleur Lane,fbugg4d@umich.edu,600-215-1779,F,79
159,Honor,Docksey,5 Tennessee Crossing,hdocksey4e@networksolutions.com,908-697-9920,F,35
160,Chloris,Undy,3 Stuart Crossing,cundy4f@cbsnews.com,766-764-1638,F,49
161,Fair,Goldes,88953 Kensington Alley,fgoldes4g@topsy.com,998-138-9879,M,81
162,Randy,Bartlet,30754 Thierer Crossing,rbartlet4h@dion.ne.jp,775-565-6496,M,77
163,Lee,Friar,4668 Starling Terrace,lfriar4i@youku.com,794-865-4203,,41
164,Gigi,Bank,7 Melrose Court,gbank4j@pen.io,868-492-8320,M,67
165,Neysa,Chatburn,3 Kim Avenue,nchatburn4k@apple.com,620-430-1584,,47
166,Victor,Fever,4 Fulton Trail,vfever4l@phpbb.com,379-738-2256,F,49
167,Sandy,Thunnercliffe,49 Linden Crossing,sthunnercliffe4m@wunderground.com,440-594-9445,F,72
168,Linet,Amorts,83 Arkansas Way,lamorts4n@auda.org.au,320-893-1979,F,50
169,Alexa,Scrowby,9851 Thierer Road,ascrowby4o@pcworld.com,391-845-9786,F,65
170,Ulrich,Paddie,4405 Bultman Lane,upaddie4p@barnesandnoble.com,494-952-9505,F,68
171,Chere,Westmore,575 Manitowish Lane,cwestmore4q@archive.org,573-379-2154,,67
172,Bordy,Crain,6 Manufacturers Crossing,bcrain4r@live.com,691-685-0862,M,50
173,Lesley,Pering,65619 Mesta Junction,lpering4s@bbc.co.uk,126-591-4036,M,44
174,Bendicty,Cartledge,608 Springs Crossing,bcartledge4t@aol.com,343-327-7646,M,70
175,Lucienne,Culcheth,8 Almo Terrace,lculcheth4u@engadget.com,715-781-6511,M,62
176,Christoforo,Cordery,83517 La Follette Lane,ccordery4v@indiatimes.com,749-360-8723,M,54
177,Abbe,Hek,9937 Beilfuss Terrace,ahek4w@yolasite.com,102-798-5276,F,44
178,Zak,Richter,69 Wayridge Court,zrichter4x@shinystat.com,788-682-9284,F,34
179,Mira,Ceschi,9 Emmet Junction,mceschi4y@nih.gov,127-912-2830,M,59
180,Jamesy,Scranny,7 Monument Junction,jscranny4z@nps.gov,667-570-2677,M,53
181,Crysta,Livock,39 Dottie Street,clivock50@gmpg.org,287-473-0779,F,60
182,Zared,Sewter,8755 5th Way,zsewter51@slashdot.org,228-986-7453,M,67
183,Billie,Ridde,1759 Caliangt Place,bridde52@kickstarter.com,502-698-9860,M,27
184,Mair,Cartner,29808 Straubel Circle,mcartner53@elpais.com,475-154-8817,M,21
185,Geoffrey,Licciardi,9 Bonner Plaza,glicciardi54@ftc.gov,157-410-1999,M,68
186,Berk,Bubeer,2697 Kim Place,bbubeer55@discuz.net,161-560-6225,F,43
187,Irita,Fishpoole,986 Laurel Plaza,ifishpoole56@answers.com,922-270-7796,F,71
188,Jerrilee,Swatton,95251 Carberry Way,jswatton57@ovh.net,161-183-8186,F,54
189,Trudy,Barnbrook,154 Pearson Crossing,tbarnbrook58@npr.org,689-120-1300,F,78
190,Vina,Lalley,28465 Prairieview Parkway,vlalley59@sun.com,900-255-7965,M,31
191,Evvie,Coultous,8516 South Avenue,ecoultous5a@wunderground.com,487-837-3628,F,45
192,Lyn,Rother,49 Linden Parkway,lrother5b@wired.com,670-824-3356,F,76
193,Jojo,Stopp,0262 Pankratz Park,jstopp5c@google.com.hk,241-447-2709,F,56
194,Berke,Vinson,8 Laurel Junction,bvinson5d@shutterfly.com,477-767-3447,M,20
195,Lilith,Pitcher,17574 Hooker Street,lpitcher5e@blogtalkradio.com,424-789-0873,M,34
196,Corney,Simmons,409 Eagle Crest Way,csimmons5f@census.gov,841-615-3171,F,53
197,Gino,Lowfill,936 Independence Alley,glowfill5g@instagram.com,311-176-4713,M,82
198,Farlee,Skein,41091 New Castle Circle,fskein5h@virginia.edu,300-518-1665,F,39
199,Mei,Price,9308 Moose Crossing,mprice5i@dyndns.org,447-217-6521,F,34
200,Bernardo,Ziemen,9037 Nevada Parkway,bziemen5j@example.com,788-409-5471,F,24
201,Dorelle,Powderham,55923 Browning Alley,dpowderham5k@bloglovin.com,673-822-9514,M,33
202,Jeannine,Farquarson,4 Hauk Trail,jfarquarson5l@paypal.com,148-306-3344,M,33
203,Hadlee,Smalley,6 Homewood Crossing,hsmalley5m@bluehost.com,723-364-4122,M,74
204,Beverly,Domotor,94865 Autumn Leaf Junction,bdomotor5n@slate.com,596-594-6243,,55
205,Davin,Denzey,6184 Calypso Circle,ddenzey5o@oakley.com,205-725-4464,M,81
206,Letta,Lamlin,80 Pawling Avenue,llamlin5p@cam.ac.uk,399-710-3383,F,45
207,Shaina,Rosengren,580 Corben Circle,srosengren5q@amazon.de,586-844-0656,F,70
208,Aridatha,Covill,32 Summit Hill,acovill5r@vkontakte.ru,207-229-4140,M,43
209,Helenelizabeth,Dovey,83663 Sunnyside Avenue,hdovey5s@usgs.gov,338-478-8918,M,63
210,Mandie,Camin,1 Lakewood Pass,mcamin5t@mysql.com,317-886-1057,M,72
211,Garwood,Shee,4591 Walton Road,gshee5u@spiegel.de,980-845-6147,F,46
212,Corby,Dilks,56913 Michigan Hill,cdilks5v@virginia.edu,921-240-3062,F,44
213,Peder,Paskins,588 Melrose Pass,ppaskins5w@mayoclinic.com,116-336-8008,M,65
214,Camey,Kingh,1 Columbus Crossing,ckingh5x@goo.gl,488-679-2609,F,42
215,Blane,Roubay,5182 Swallow Parkway,broubay5y@surveymonkey.com,676-162-6782,,45
216,Aldridge,Dowsing,9 Fallview Avenue,adowsing5z@dyndns.org,461-999-3784,F,41
217,Isabeau,Parsall,4297 Atwood Court,iparsall60@elegantthemes.com,706-928-8082,F,82
218,Sherill,Constant,053 Pearson Circle,sconstant61@360.cn,731-591-8240,M,42
219,Ken,Shervil,01 Bunker Hill Way,kshervil62@nps.gov,217-758-6962,M,57
220,Ara,Tondeur,229 Stang Road,atondeur63@dell.com,568-720-0740,M,30
221,Mozelle,Rydeard,26056 Sunfield Circle,mrydeard64@over-blog.com,598-592-5303,M,79
222,Josefa,Gregoretti,1892 Glacier Hill Court,jgregoretti65@seesaa.net,785-362-9702,M,45
223,Maxim,Pringell,1421 Hoepker Plaza,mpringell66@tamu.edu,308-873-7018,F,47
224,Muire,Hutcheon,29708 Hooker Place,mhutcheon67@accuweather.com,132-809-3685,F,38
225,Briano,Blenkinsopp,311 Hoepker Junction,bblenkinsopp68@hostgator.com,848-680-6276,F,29
226,Jody,Bartolommeo,90604 Lukken Hill,jbartolommeo69@deliciousdays.com,941-214-2737,F,29
227,Abigail,Del Monte,603 Hanover Road,adelmonte6a@loc.gov,305-305-1664,M,83
228,Hanna,Castelluzzi,63 Trailsway Junction,hcastelluzzi6b@discovery.com,934-576-4370,M,42
229,Caryl,Dene,9 Butterfield Alley,cdene6c@telegraph.co.uk,300-972-9496,M,41
230,Christiane,Mallows,9885 Sauthoff Parkway,cmallows6d@bloglovin.com,745-176-5579,F,74
231,Eustacia,Hincham,7 Starling Court,ehincham6e@jalbum.net,782-806-4717,M,48
232,Deborah,Smalman,76695 Bunting Trail,dsmalman6f@w3.org,681-923-7296,M,27
233,Truda,Guthrie,326 Aberg Parkway,tguthrie6g@java.com,614-569-0253,M,84
234,Buckie,Wallworke,488 Alpine Trail,bwallworke6h@marriott.com,587-868-1851,F,43
235,Martyn,Melmeth,1 Becker Road,mmelmeth6i@people.com.cn,930-100-2079,M,29
236,Dar,Foan,678 5th Crossing,dfoan6j@wunderground.com,655-701-6092,M,31
237,Gwennie,Shergill,9 Blue Bill Park Lane,gshergill6k@techcrunch.com,452-892-8188,,63
238,Kellyann,Youle,1 West Road,kyoule6l@sphinn.com,595-143-2947,F,30
239,Brooke,Fenna,9 Shoshone Avenue,bfenna6m@istockphoto.com,709-855-1901,M,66
240,Dyane,Hallows,627 School Court,dhallows6n@aboutads.info,191-512-1101,F,63
241,Cobbie,Koppeck,1847 Maple Road,ckoppeck6o@qq.com,774-758-3900,F,59
242,Eamon,Jendrach,7120 Acker Way,ejendrach6p@edublogs.org,714-779-4674,F,29
243,Kori,Le Breton,32 Hovde Alley,klebreton6q@irs.gov,217-232-8007,M,52
244,Carly,Bamling,6 Twin Pines Hill,cbamling6r@vimeo.com,524-620-5846,M,30
245,Duffy,Cockshoot,2 Northfield Plaza,dcockshoot6s@upenn.edu,993-578-9432,,22
246,Antons,Ledington,57 Merry Crossing,aledington6t@hatena.ne.jp,398-568-7997,M,75
247,Abbott,Vasyushkhin,7 Eggendart Hill,avasyushkhin6u@nhs.uk,641-380-2608,M,35
248,Jeromy,Caveill,43167 2nd Center,jcaveill6v@hhs.gov,430-148-5198,F,46
249,Lise,Dikle,98350 Atwood Road,ldikle6w@skyrock.com,654-800-8714,F,66
250,Zonnya,Stobart,826 Cordelia Circle,zstobart6x@uol.com.br,623-673-5079,F,72
251,Brion,Sidwick,4 Thackeray Park,bsidwick6y@mac.com,194-394-9688,M,54
252,Reba,Mackstead,6 Glendale Pass,rmackstead6z@huffingtonpost.com,241-114-4319,F,51
253,Gustav,Hendricks,39230 Buhler Alley,ghendricks70@about.me,217-414-5585,F,18
254,Shawn,Childes,4 Surrey Hill,schildes71@utexas.edu,720-779-3743,M,65
255,Delcina,Kirrage,238 Huxley Plaza,dkirrage72@zdnet.com,148-994-8195,F,77
256,Symon,Fockes,2412 Summit Crossing,sfockes73@goo.gl,765-468-4921,F,44
257,Mufi,Gamell,6487 Kropf Alley,mgamell74@ovh.net,527-739-1047,F,57
258,Augustine,Hagerty,8611 Lighthouse Bay Parkway,ahagerty75@spiegel.de,734-988-5961,F,42
259,Skipton,Danielsohn,9198 Independence Road,sdanielsohn76@myspace.com,196-383-8900,F,75
260,Niles,Kepling,,nkepling77@wix.com,580-771-6363,,57
261,Anne-marie,De Ambrosi,0 Welch Circle,adeambrosi78@delicious.com,841-186-8920,F,64
262,Blinny,MacCombe,2 Darwin Avenue,bmaccombe79@huffingtonpost.com,166-741-3426,F,84
263,Darrelle,Burfoot,1 Katie Street,dburfoot7a@discovery.com,389-345-1309,F,80
264,Adolpho,Cousens,183 Messerschmidt Circle,acousens7b@marketwatch.com,479-881-3802,M,37
265,Frederick,Duffer,9708 Superior Way,fduffer7c@cbslocal.com,407-757-1231,,61
266,Hazel,Tether,48 Walton Avenue,htether7d@goodreads.com,941-258-7983,F,43
267,Cele,Orteu,929 Tennessee Lane,corteu7e@flickr.com,419-512-7138,F,19
268,Rick,Vigneron,8588 Evergreen Hill,rvigneron7f@uiuc.edu,894-176-3528,M,28
269,Colver,Pipet,66619 Prentice Junction,cpipet7g@addtoany.com,782-883-4161,F,26
270,Neall,Gouthier,2 Loeprich Parkway,ngouthier7h@nydailynews.com,641-465-7173,F,85
271,Vergil,Rosbotham,0 Mcguire Terrace,vrosbotham7i@yahoo.com,112-506-7399,M,32
272,Flem,De Vile,94 Namekagon Alley,fdevile7j@aboutads.info,429-391-6982,F,55
273,Scotty,Brotherheed,68 Banding Park,sbrotherheed7k@irs.gov,298-762-7743,F,54
274,Fania,Skeen,5 Rusk Point,fskeen7l@amazon.com,520-674-2545,F,58
275,Titos,Skerratt,60758 Green Circle,tskerratt7m@timesonline.co.uk,444-122-8727,F,83
276,Holly,Bullene,102 Eliot Street,hbullene7n@ucla.edu,619-256-4300,F,67
277,Zorah,Layborn,68770 Mcguire Trail,zlayborn7o@nih.gov,960-500-3381,M,30
278,Pooh,Prahl,79 Coolidge Crossing,pprahl7p@chicagotribune.com,768-408-9543,F,59
279,Arvy,Crockett,71768 Randy Street,acrockett7q@ning.com,559-571-5140,F,65
280,Chrystel,Marquot,50 Cambridge Parkway,cmarquot7r@vimeo.com,572-863-0768,F,79
281,Maynard,Shutler,522 Mifflin Pass,mshutler7s@seesaa.net,369-808-0447,F,39
282,Bertie,Coats,7301 Hoffman Terrace,bcoats7t@constantcontact.com,239-873-2010,F,50
283,Fianna,Manntschke,5998 Brown Park,fmanntschke7u@vistaprint.com,353-985-4746,F,83
284,Simmonds,Rosborough,128 Gale Crossing,srosborough7v@aol.com,647-655-7590,F,83
285,Celka,France,2743 Loomis Avenue,cfrance7w@zimbio.com,904-813-4854,F,57
286,Peyton,Verni,3 Moulton Parkway,pverni7x@cdc.gov,526-399-6891,F,43
287,Kirstin,Matokhnin,069 Morning Crossing,kmatokhnin7y@opensource.org,818-183-5841,M,28
288,Hastings,Crumpton,58 Eggendart Terrace,hcrumpton7z@nymag.com,844-986-7989,M,17
289,Aubree,Shmyr,5199 Glendale Court,ashmyr80@ed.gov,478-255-3161,M,60
290,Demetris,Doggrell,323 Talisman Court,ddoggrell81@un.org,234-246-1216,M,70
291,Marlowe,Brister,7 Erie Pass,mbrister82@yellowbook.com,560-111-0997,F,78
292,Rakel,Lansdowne,193 Hoffman Lane,rlansdowne83@jimdo.com,451-452-9185,M,25
293,Whitby,Hindmoor,71 Fisk Place,whindmoor84@imdb.com,901-798-9609,,44
294,Zena,Corbally,57 Mcguire Way,zcorbally85@moonfruit.com,232-729-7487,F,64
295,Nevins,Cousins,0042 Barnett Parkway,ncousins86@github.com,348-346-9876,F,27
296,Lacee,Selland,20016 Bayside Parkway,lselland87@yellowpages.com,140-936-8642,M,34
297,Anatole,Ioselev,0 American Ash Street,aioselev88@abc.net.au,678-634-3446,M,72
298,Dorette,Cozby,7 Rigney Point,dcozby89@xinhuanet.com,896-768-5835,F,72
299,Dame,Coalburn,8 Packers Way,dcoalburn8a@howstuffworks.com,214-179-7887,M,48
300,Patsy,Nudd,14276 Ronald Regan Lane,pnudd8b@ed.gov,566-513-8113,,56
301,Franklyn,Trow,5 Haas Parkway,ftrow8c@diigo.com,307-609-5710,M,47
302,Star,Polack,58 Mockingbird Way,spolack8d@quantcast.com,233-651-6980,M,22
303,Marja,Phillp,5 Independence Park,mphillp8e@google.com,499-393-9585,F,64
304,Thorpe,Chevalier,51 Meadow Valley Road,tchevalier8f@google.cn,932-384-2302,M,25
305,Franky,Urwen,1892 7th Point,furwen8g@google.ca,883-289-0191,F,77
306,Jo,Austin,67 Armistice Way,jaustin8h@ed.gov,449-231-4343,M,55
307,Carolynn,Milillo,2 Algoma Circle,cmilillo8i@elpais.com,303-741-0493,M,24
308,Renelle,McGilvray,1941 Grayhawk Crossing,rmcgilvray8j@mozilla.com,350-780-8897,M,38
309,Kimberley,Gillatt,18 Northland Street,kgillatt8k@auda.org.au,819-416-9420,,33
310,Nisse,Jorg,,njorg8l@marketwatch.com,269-168-5584,M,28
311,Gwyn,Thunders,741 Canary Place,gthunders8m@facebook.com,823-778-3651,M,85
312,Cleveland,Younglove,2571 Di Loreto Drive,cyounglove8n@plala.or.jp,870-448-1380,M,41
313,Noemi,Luckcock,03945 Clove Avenue,nluckcock8o@ted.com,934-233-4322,F,84
314,Gena,Roubert,47 Summer Ridge Point,groubert8p@prweb.com,237-724-0864,,27
315,Edyth,Brauner,8 Ilene Place,ebrauner8q@chicagotribune.com,710-767-9881,F,76
316,Gav,Verillo,3 Banding Road,gverillo8r@usnews.com,755-173-1223,F,30
317,Curtis,Zecchi,2117 Elgar Avenue,czecchi8s@ted.com,414-177-6248,F,75
318,Leonanie,Gyver,54 Canary Drive,lgyver8t@vkontakte.ru,175-807-8119,,32
319,Otis,Waterstone,,owaterstone8u@homestead.com,157-889-8728,M,78
320,Xavier,Weedenburg,094 Chinook Pass,xweedenburg8v@pen.io,435-220-6191,F,78
321,Martha,Constance,6993 Green Ridge Trail,mconstance8w@blinklist.com,252-866-3795,F,83
322,Sondra,Challenor,354 North Hill,schallenor8x@multiply.com,726-601-9681,M,32
323,Ambrosio,Imeson,8 Boyd Circle,aimeson8y@samsung.com,825-320-1979,F,62
324,Sunshine,Ovett,83 Mitchell Road,sovett8z@tripod.com,190-957-1596,F,68
325,Rawley,Olivari,14019 Emmet Alley,rolivari90@php.net,453-649-6903,M,19
326,Berty,Baudins,,bbaudins91@hatena.ne.jp,610-751-7659,M,60
327,Itch,McTavish,44112 La Follette Drive,imctavish92@t-online.de,570-580-1329,F,53
328,Lucy,Benezeit,23544 Clove Place,lbenezeit93@odnoklassniki.ru,334-391-2631,M,46
329,Kanya,Brunotti,979 Katie Court,kbrunotti94@prnewswire.com,124-808-2589,M,47
330,Jeri,Colliford,0432 Holy Cross Hill,jcolliford95@mayoclinic.com,215-435-7174,M,37
331,Lucais,Tabert,5668 Cambridge Point,ltabert96@utexas.edu,508-432-3179,M,84
332,Tarrance,Dundendale,351 Lukken Junction,tdundendale97@clickbank.net,998-618-2451,M,36
333,Haywood,O'Dee,8 Northport Center,hodee98@huffingtonpost.com,959-858-6279,F,70
334,Elie,Cleynaert,9 Hanson Center,ecleynaert99@hp.com,272-366-8780,F,25
335,Reinwald,Shirer,28228 Harper Terrace,rshirer9a@infoseek.co.jp,193-115-5187,M,58
336,Glynnis,Boick,962 Thierer Point,gboick9b@youtube.com,436-453-3414,M,24
337,Price,Bonafant,4407 Boyd Center,pbonafant9c@163.com,712-259-1662,M,27
338,Carri,Wyon,4860 Hoffman Plaza,cwyon9d@imgur.com,220-984-5669,,71
339,Grata,Habeshaw,568 Autumn Leaf Drive,ghabeshaw9e@engadget.com,482-145-2137,F,69
340,Shena,Halms,9 Donald Way,shalms9f@upenn.edu,815-835-0460,M,85
341,Barnard,Boomes,0026 Merchant Hill,bboomes9g@typepad.com,785-243-9146,,36
342,Guthrie,Edmonson,2 Namekagon Terrace,gedmonson9h@vk.com,633-636-9911,M,69
343,Egbert,Sargeaunt,0771 Johnson Hill,esargeaunt9i@cyberchimps.com,783-521-9619,M,56
344,Lindon,Sproat,69 Norway Maple Parkway,lsproat9j@bloglines.com,562-346-0212,M,74
345,Trudy,Buttle,4 Union Plaza,tbuttle9k@purevolume.com,882-547-7419,F,39
346,Harlin,Lawlan,7 Larry Pass,hlawlan9l@biglobe.ne.jp,205-703-5521,M,60
347,Vonni,Howsam,57630 Mallard Point,vhowsam9m@prnewswire.com,475-341-6305,M,35
348,Parsifal,Sumpton,9218 Eggendart Court,psumpton9n@trellian.com,181-383-0319,,52
349,Xenos,Himsworth,51689 Bayside Plaza,xhimsworth9o@harvard.edu,923-122-9549,F,54
350,Gretna,Valett,2922 Golf Course Street,gvalett9p@eepurl.com,253-340-6318,,59
351,Carroll,Callendar,49 Pepper Wood Terrace,ccallendar9q@surveymonkey.com,987-612-6865,F,58
352,Shirlene,Martinelli,3805 Killdeer Terrace,smartinelli9r@dot.gov,227-932-4180,F,27
353,Kliment,Gossington,5 Pepper Wood Street,kgossington9s@digg.com,145-620-7886,F,71
354,Jerrilee,Fisbburne,68031 Barnett Alley,jfisbburne9t@studiopress.com,981-270-2863,F,83
355,Lebbie,Climar,478 Fairview Lane,lclimar9u@weather.com,293-657-7965,M,80
356,Sam,Heinzler,970 Randy Avenue,sheinzler9v@unblog.fr,485-490-7703,M,32
357,Merrilee,Titterell,0 Pine View Plaza,mtitterell9w@prnewswire.com,110-196-8512,F,45
358,Elaina,Burkman,639 Transport Junction,eburkman9x@archive.org,380-298-7237,F,65
359,Mona,Salthouse,7 Hanover Junction,msalthouse9y@gmpg.org,144-324-1400,F,34
360,Dana,Trevethan,097 Banding Center,dtrevethan9z@reddit.com,181-314-4359,M,67
361,Dottie,McBean,4775 Miller Road,dmcbeana0@posterous.com,736-663-1866,F,17
362,Gabriel,Tole,82353 Leroy Point,gtolea1@foxnews.com,796-894-7108,F,48
363,Luisa,Ferenczi,9 Milwaukee Plaza,lferenczia2@cnbc.com,122-796-6719,,18
364,Darya,Gunter,59722 Monument Way,dguntera3@dailymotion.com,134-251-3883,F,35
365,Bethanne,Gouinlock,467 Monica Avenue,bgouinlocka4@list-manage.com,988-119-8565,F,61
366,Mommy,Szymanski,35 Doe Crossing Court,mszymanskia5@hexun.com,891-602-4288,M,19
367,Flynn,Crowne,321 Roxbury Circle,fcrownea6@ted.com,449-452-0434,F,85
368,Julie,Cowthard,481 Oxford Avenue,jcowtharda7@comcast.net,241-495-0892,M,17
369,Zora,Rickarsey,65 Hovde Street,zrickarseya8@washington.edu,737-501-8569,M,48
370,Trumann,Canwell,303 Rowland Plaza,tcanwella9@mashable.com,591-767-9733,F,20
371,Brietta,Amort,312 Gale Street,bamortaa@japanpost.jp,614-672-1530,M,77
372,Renard,Harmeston,33923 Continental Place,rharmestonab@google.com.au,832-323-3541,F,72
373,Bobette,Mixon,4004 Dwight Parkway,bmixonac@epa.gov,169-961-7917,M,32
374,Inger,Freemantle,512 Waxwing Circle,ifreemantlead@fc2.com,433-245-9425,F,77
375,Fabe,Elflain,851 Fisk Park,felflainae@dot.gov,783-396-0955,M,69
376,Colin,Cherrett,08058 Lindbergh Pass,ccherrettaf@sphinn.com,323-382-9112,M,69
377,Shea,Bloan,80 Pond Circle,sbloanag@wikimedia.org,550-469-4788,F,60
378,Olva,Bernardi,93712 Sycamore Street,obernardiah@livejournal.com,944-597-4750,M,44
379,Jacquenette,Chimenti,4 Twin Pines Alley,jchimentiai@fema.gov,281-372-5792,F,62
380,Elfie,Littrik,12542 Clarendon Center,elittrikaj@skype.com,309-391-1351,M,66
381,Royall,Matveyev,81 Burning Wood Pass,rmatveyevak@skyrock.com,908-874-9310,F,72
382,Merola,Da Costa,23 Heffernan Road,mdacostaal@webmd.com,547-882-5975,F,38
383,Sayers,Harcourt,21 Coleman Road,sharcourtam@amazon.de,617-905-7194,M,33
384,Wilton,Browning,33 Clyde Gallagher Point,wbrowningan@ox.ac.uk,218-571-2528,F,64
385,Mellie,Harome,875 Loomis Avenue,mharomeao@gov.uk,724-592-3754,F,67
386,Tonie,Nel,62189 Sauthoff Lane,tnelap@wisc.edu,806-225-0732,,84
387,Morey,Presidey,33 Oneill Road,mpresideyaq@walmart.com,437-695-9375,M,49
388,Lev,Thews,54 Monument Plaza,lthewsar@shareasale.com,432-905-8605,F,39
389,Karita,Heball,56 Larry Alley,kheballas@narod.ru,967-282-2127,,69
390,Cash,Bosch,1183 Messerschmidt Point,cboschat@gov.uk,636-895-3215,F,54
391,Portie,Orton,72 Eagan Park,portonau@baidu.com,394-902-5639,,66
392,Kliment,Sharp,2 Utah Circle,ksharpav@dedecms.com,815-625-9941,M,52
393,Essa,Jukubczak,3269 Derek Point,ejukubczakaw@squarespace.com,375-954-5422,F,46
394,Rob,Croom,63799 Burrows Crossing,rcroomax@blogspot.com,529-455-3181,F,85
395,Patrice,Tuffey,0 Mifflin Avenue,ptuffeyay@elegantthemes.com,390-270-7904,M,37
396,Baily,Tallent,20297 Declaration Court,btallentaz@theguardian.com,119-553-4525,M,16
397,Eduardo,Skitt,09 Fisk Crossing,eskittb0@facebook.com,496-725-0163,F,84
398,Gian,Cawdell,24366 Sloan Plaza,gcawdellb1@google.com.hk,190-335-0209,,82
399,August,Alcido,0949 Chinook Street,aalcidob2@fc2.com,129-258-8753,F,51
400,Guthrie,Mustoo,51 Colorado Point,gmustoob3@elpais.com,591-540-1787,F,73
401,Nathanial,Stearley,1277 Briar Crest Terrace,nstearleyb4@slideshare.net,494-525-0360,M,38
402,Hazel,Bratty,1 Graceland Drive,hbrattyb5@123-reg.co.uk,582-302-9294,M,56
403,Ardene,Gillyett,4 Kingsford Junction,agillyettb6@geocities.com,455-473-8991,M,56
404,Xena,Fishly,556 Hansons Pass,xfishlyb7@quantcast.com,846-784-4027,M,84
405,Jasper,Iveans,37600 Rockefeller Plaza,jiveansb8@themeforest.net,791-715-8891,M,84
406,Xymenes,Davsley,467 Schiller Parkway,xdavsleyb9@dyndns.org,819-516-5151,M,70
407,Nathaniel,Janczyk,367 Bay Terrace,njanczykba@cyberchimps.com,513-763-4379,,84
408,Quint,Bamling,7 Spohn Road,qbamlingbb@time.com,876-565-6652,F,22
409,Alexandr,Crowcombe,7 Summer Ridge Court,acrowcombebc@netscape.com,327-397-5821,F,47
410,Bettina,Finessy,10 Anthes Parkway,bfinessybd@phpbb.com,414-568-3536,M,57
411,Margaux,Sacchetti,54620 Gateway Point,msacchettibe@dropbox.com,496-301-4751,F,71
412,Wallie,Pantlin,995 American Crossing,wpantlinbf@ucla.edu,511-755-9594,M,41
413,Tallulah,Knowlden,14 Kenwood Trail,tknowldenbg@ihg.com,393-932-2276,F,59
414,Vincent,Arpin,1 Sauthoff Plaza,varpinbh@dot.gov,604-863-2920,F,20
415,Erinn,Gibberd,6 Prairieview Pass,egibberdbi@usatoday.com,928-996-7133,M,79
416,Reagen,Thompkins,7 Spohn Circle,rthompkinsbj@livejournal.com,773-653-1599,F,45
417,Warner,Jozef,2 Talisman Court,wjozefbk@comcast.net,214-566-7136,M,20
418,Donelle,Pennacci,94 Beilfuss Crossing,dpennaccibl@salon.com,881-712-6833,F,51
419,Natala,Poynton,,npoyntonbm@walmart.com,294-935-4391,M,68
420,Clevey,Hanes,879 Scoville Crossing,chanesbn@newyorker.com,420-602-5785,M,69
421,Chrotoem,Quarmby,43 Stoughton Parkway,cquarmbybo@indiatimes.com,575-198-5407,F,18
422,Annabell,Stretton,043 Carioca Center,astrettonbp@wikipedia.org,563-366-0027,M,40
423,Alyse,Masterson,3332 Annamark Court,amastersonbq@webnode.com,174-433-0841,M,82
424,Tamiko,Blaza,8 Waubesa Crossing,tblazabr@mail.ru,906-502-6804,M,37
425,Berna,Cicccitti,5 Loftsgordon Point,bcicccittibs@wikimedia.org,444-280-7737,F,43
426,Latashia,Keppe,8 Comanche Park,lkeppebt@behance.net,582-103-5353,F,25
427,Elliot,Adnet,7 Annamark Pass,eadnetbu@elpais.com,131-370-1560,F,45
428,Bond,Flea,6308 Oxford Crossing,bfleabv@youku.com,533-294-5911,M,81
429,Ardelis,Hadny,93411 4th Lane,ahadnybw@chicagotribune.com,208-339-1832,M,75
430,Caesar,Pidgen,,cpidgenbx@uiuc.edu,250-999-8982,M,34
431,Almeria,Denziloe,135 Hermina Lane,adenziloeby@w3.org,129-896-2502,F,52
432,Emmery,Demchen,88 Sullivan Street,edemchenbz@technorati.com,780-814-7384,M,77
433,Arny,Chilcotte,3801 Rusk Hill,achilcottec0@guardian.co.uk,312-208-3244,M,57
434,Marlena,Algy,1 Twin Pines Street,malgyc1@trellian.com,274-399-5365,M,42
435,Justinn,Tarling,8 Ridge Oak Parkway,jtarlingc2@japanpost.jp,810-314-5805,M,19
436,Carine,Hamprecht,777 Autumn Leaf Point,champrechtc3@amazon.co.jp,274-482-5540,F,50
437,Chuck,Mosby,5595 Sachtjen Center,cmosbyc4@archive.org,757-643-0134,F,34
438,Antonius,Eilhermann,2092 Steensland Alley,aeilhermannc5@lulu.com,427-362-8658,,33
439,Maxie,Vye,9492 Crescent Oaks Trail,mvyec6@ucoz.com,972-698-0477,M,66
440,Cyrille,Tremayle,6 Sunbrook Road,ctremaylec7@t.co,117-571-1626,M,73
441,Abbie,Demead,711 Starling Way,ademeadc8@squarespace.com,241-255-6488,F,58
442,Kiel,Goulbourne,80308 Cascade Way,kgoulbournec9@psu.edu,541-547-7197,M,76
443,Tanitansy,Corsor,6 Nobel Court,tcorsorca@t-online.de,998-590-1854,F,33
444,Simonette,Blannin,2 Katie Drive,sblannincb@goo.ne.jp,238-412-0714,F,62
445,Cosimo,Beumant,6 Holy Cross Terrace,cbeumantcc@cbslocal.com,603-781-3078,M,60
446,Ysabel,Folk,7544 Loomis Crossing,yfolkcd@oakley.com,554-510-2274,F,47
447,Gardener,Strangward,51129 Canary Plaza,gstrangwardce@europa.eu,113-362-0920,M,45
448,Helyn,Simmans,0 Hallows Drive,hsimmanscf@nydailynews.com,838-998-1322,M,26
449,Ferd,Coldrick,124 Lien Street,fcoldrickcg@typepad.com,635-397-6181,,54
450,Shanan,Peckett,2739 Heath Alley,speckettch@multiply.com,944-226-4287,M,53
451,Elinore,Dykins,25 Cordelia Court,edykinsci@aboutads.info,548-958-0711,M,24
452,Allie,Ahmad,613 Bellgrove Way,aahmadcj@rambler.ru,305-768-0888,F,65
453,Gerladina,Emerson,1 Ramsey Point,gemersonck@mediafire.com,314-811-6581,M,32
454,Bruno,Kunneke,441 Sommers Junction,bkunnekecl@redcross.org,837-105-3972,M,62
455,Aloisia,Yansons,2 Kingsford Crossing,ayansonscm@feedburner.com,989-474-6869,M,35
456,Rudd,Wasbey,6623 Carpenter Terrace,rwasbeycn@time.com,559-814-7997,M,54
457,Jeremy,Hinsche,799 Magdeline Plaza,jhinscheco@ow.ly,762-460-6551,M,18
458,Aloin,Cauldwell,508 Londonderry Place,acauldwellcp@usa.gov,705-815-3744,F,18
459,Gunther,Erat,86 Rusk Point,geratcq@flavors.me,814-245-3797,M,78
460,Vinnie,Morican,97776 Fieldstone Road,vmoricancr@last.fm,547-731-7962,M,51
461,Veda,Rutgers,1 Shasta Hill,vrutgerscs@hibu.com,465-853-0348,F,47
462,Cyrillus,Janaud,11 Southridge Drive,cjanaudct@theglobeandmail.com,808-803-4882,F,63
463,Wilfred,Rawkesby,1060 Lindbergh Street,wrawkesbycu@plala.or.jp,412-622-1112,F,76
464,Gus,Moral,48 Stoughton Lane,gmoralcv@icio.us,898-923-6365,M,60
465,Orlando,Garstang,02 Pond Point,ogarstangcw@lycos.com,871-117-3922,M,69
466,Brnaby,Owthwaite,298 Thompson Pass,bowthwaitecx@wired.com,683-248-7443,F,85
467,Waylin,Hemerijk,24234 Sugar Junction,whemerijkcy@vk.com,437-804-3663,M,18
468,Esme,Macklin,59 Village Point,emacklincz@mayoclinic.com,643-156-9872,M,63
469,Ruperto,Dorset,880 Petterle Way,rdorsetd0@fotki.com,562-943-0780,M,48
470,Clark,Orgee,,corgeed1@globo.com,474-117-1262,,19
471,Clementius,Rickwood,86 Memorial Court,crickwoodd2@hostgator.com,178-838-7129,F,33
472,Gav,Rekes,5 Westridge Road,grekesd3@miitbeian.gov.cn,533-209-0740,F,22
473,Garold,Marchello,57333 Cherokee Pass,gmarchellod4@cisco.com,516-530-7611,M,73
474,Kahlil,Manssuer,8 Troy Lane,kmanssuerd5@bigcartel.com,615-322-4606,F,56
475,Del,Wayon,46154 David Point,dwayond6@amazonaws.com,749-286-4628,M,56
476,Linoel,Edden,97 Thierer Court,leddend7@ifeng.com,331-690-9892,,27
477,Euell,Picton,9 Fairview Plaza,epictond8@china.com.cn,862-271-5640,M,83
478,Ethelred,Maryott,68 Annamark Terrace,emaryottd9@usnews.com,548-446-9225,,47
479,Ashil,Mustarde,2147 Spohn Pass,amustardeda@flavors.me,289-468-1713,F,33
480,Carlota,Pittman,4816 Schurz Court,cpittmandb@scribd.com,887-710-5375,M,36
481,Gabriello,Cramond,679 New Castle Pass,gcramonddc@nsw.gov.au,654-495-2157,F,85
482,Dunstan,Siveter,18 Barby Avenue,dsiveterdd@baidu.com,693-864-5865,M,42
483,Finn,Auchterlonie,98551 Eagan Pass,fauchterloniede@mlb.com,673-384-1285,F,68
484,Coralyn,MacCoughan,98704 Duke Lane,cmaccoughandf@unblog.fr,269-763-9476,F,66
485,Crawford,Grist,81092 Southridge Street,cgristdg@army.mil,998-933-8765,F,29
486,Brendis,Slader,,bsladerdh@scribd.com,418-140-2503,F,60
487,Natasha,Rodenburgh,09 Jana Junction,nrodenburghdi@angelfire.com,473-141-4881,M,52
488,Marlene,MacGilmartin,66 Kinsman Place,mmacgilmartindj@posterous.com,869-286-3735,M,57
489,Jasun,Jago,16 Goodland Drive,jjagodk@umn.edu,523-834-2976,M,77
490,Bart,Biddleston,4596 Blaine Trail,bbiddlestondl@nps.gov,363-184-4213,F,26
491,Gustie,Vinker,40856 Sunbrook Crossing,gvinkerdm@geocities.jp,953-562-0237,F,67
492,Chris,Meredyth,3 Vahlen Street,cmeredythdn@columbia.edu,281-297-7361,M,27
493,Anna-diana,Nutting,493 Clemons Pass,anuttingdo@guardian.co.uk,658-247-6761,M,22
494,Krishnah,Pease,042 Judy Alley,kpeasedp@cyberchimps.com,398-842-0016,M,80
495,Meggie,Barraclough,44928 Lakewood Alley,mbarracloughdq@mayoclinic.com,484-383-3733,F,43
496,Cody,Mc Queen,449 1st Plaza,cmcqueendr@ucoz.com,238-501-4661,,49
497,Casandra,Mephan,145 Charing Cross Drive,cmephands@samsung.com,774-565-7564,F,29
498,Ingar,Gibbons,6849 Sherman Circle,igibbonsdt@1und1.de,975-160-6359,M,24
499,Gauthier,Joney,47062 Meadow Valley Road,gjoneydu@gravatar.com,530-297-9592,,30
500,Jedd,Caser,2069 Fulton Court,jcaserdv@trellian.com,815-309-8454,M,43
501,Garrett,Turnbull,2 Ridgeview Park,gturnbulldw@reference.com,459-398-3475,F,48
502,Hillel,Szimoni,880 Marcy Circle,hszimonidx@list-manage.com,246-348-5325,F,53
503,Obadias,Murkin,3973 Raven Drive,omurkindy@stanford.edu,162-401-7263,M,30
504,Sarina,McCarver,63 Hansons Hill,smccarverdz@wisc.edu,183-375-3443,,16
505,Aldis,Meininking,,ameininkinge0@360.cn,961-946-3457,F,25
506,Sandy,Geator,38639 Garrison Point,sgeatore1@ucoz.com,442-559-2831,F,31
507,Toddie,Adamoli,764 Stuart Park,tadamolie2@wisc.edu,898-787-7658,F,71
508,Hodge,Stockdale,96352 Jay Terrace,hstockdalee3@ebay.com,532-425-3844,F,20
509,Arlen,Bleackly,505 Grim Trail,ableacklye4@webmd.com,381-665-0161,F,80
510,Nolan,Stenyng,062 Brickson Park Junction,nstenynge5@miibeian.gov.cn,842-656-8624,,84
511,Maria,Hawkswood,13151 Valley Edge Trail,mhawkswoode6@chron.com,660-511-6295,M,69
512,Harper,Revington,84224 Judy Parkway,hrevingtone7@tinyurl.com,226-769-0624,,24
513,Norby,Behnecken,002 Clove Park,nbehneckene8@printfriendly.com,184-898-4904,M,21
514,Thaxter,Banasik,7968 Lake View Pass,tbanasike9@adobe.com,327-292-4801,M,68
515,Liane,Corhard,80751 Memorial Park,lcorhardea@spiegel.de,330-820-6077,F,68
516,Karina,Gittins,87092 7th Pass,kgittinseb@webnode.com,367-433-7839,M,37
517,Alberto,Postlethwaite,74 Forest Dale Drive,apostlethwaiteec@cmu.edu,975-523-0950,M,79
518,Julissa,Exon,367 Fairview Drive,jexoned@instagram.com,592-799-6363,F,60
519,Sharlene,McShea,2 Kensington Junction,smcsheaee@bing.com,967-789-6460,M,41
520,Fancy,Vivyan,492 Commercial Court,fvivyanef@google.it,114-400-8966,M,17
521,Niles,Butts,450 Eastlawn Drive,nbuttseg@accuweather.com,965-363-8817,F,30
522,Sylas,Breeder,19326 Loftsgordon Junction,sbreedereh@ftc.gov,200-711-3129,M,75
523,Lonnie,Denys,0 Warbler Street,ldenysei@soundcloud.com,148-871-1680,F,77
524,Thibaut,Liptrot,85 Stone Corner Park,tliptrotej@amazonaws.com,524-452-3304,F,32
525,Brianne,MacKowle,8 Spohn Plaza,bmackowleek@multiply.com,352-279-2192,F,25
526,Hali,Shankland,99560 Oak Junction,hshanklandel@seattletimes.com,457-800-7420,M,51
527,Amos,Geratasch,79593 Waywood Junction,agerataschem@imageshack.us,859-421-4663,F,16
528,Sylvan,Izacenko,26 Dennis Circle,sizacenkoen@sourceforge.net,723-336-3038,M,50
529,Diann,Battin,62 Canary Avenue,dbattineo@prlog.org,610-106-1827,F,62
530,Lanie,Van der Velde,79445 Carey Court,lvanderveldeep@netvibes.com,738-815-1497,F,34
531,Lizbeth,Maloney,420 Washington Pass,lmaloneyeq@google.it,406-576-6869,M,67
532,Anstice,Harnell,0566 Alpine Center,aharneller@acquirethisname.com,498-586-1784,M,52
533,Waite,Kenwin,568 Forest Way,wkenwines@cmu.edu,228-613-2612,M,82
534,Kaye,M'Chirrie,77075 Pawling Drive,kmchirrieet@samsung.com,238-437-0860,,71
535,Burty,Loughman,221 Waubesa Park,bloughmaneu@engadget.com,906-388-6583,F,78
536,Tate,Hatton,7 Golf Center,thattonev@51.la,626-425-7888,F,82
537,Chevy,Humble,8 Golf Course Point,chumbleew@blogspot.com,578-887-4305,M,40
538,Donelle,Henke,52 Hazelcrest Point,dhenkeex@weibo.com,795-428-9025,F,60
539,Wallas,Kefford,09 Dennis Street,wkeffordey@telegraph.co.uk,250-952-5167,F,44
540,Jennica,Premble,9524 Burning Wood Avenue,jprembleez@ucoz.com,758-723-8409,F,45
541,Carlen,Adie,2 Golf Course Terrace,cadief0@sina.com.cn,447-219-9112,F,77
542,Winn,Teresse,2413 Pearson Junction,wteressef1@parallels.com,128-204-7442,F,36
543,Bendicty,Fernando,791 Westridge Parkway,bfernandof2@disqus.com,604-514-4108,M,38
544,Jacky,Blanc,92317 Delaware Crossing,jblancf3@squarespace.com,943-218-6498,M,75
545,Kennan,Gosalvez,5368 Mayfield Terrace,kgosalvezf4@wikimedia.org,646-477-1003,F,70
546,Glyn,Bordman,73929 Superior Crossing,gbordmanf5@de.vu,915-773-4957,F,43
547,Dallon,Alywin,57683 Luster Lane,dalywinf6@ovh.net,924-453-5698,F,49
548,Joannes,Moir,1 Norway Maple Alley,jmoirf7@mtv.com,100-423-4653,M,81
549,Milissent,Kitney,583 Springview Plaza,mkitneyf8@dmoz.org,170-321-7696,M,38
550,Rochell,Halvosen,453 Carioca Road,rhalvosenf9@utexas.edu,443-368-3857,,61
551,Elbert,Nestle,532 Forster Terrace,enestlefa@marriott.com,380-316-4303,F,29
552,Eulalie,McCourtie,96463 Vahlen Court,emccourtiefb@sohu.com,160-574-5830,M,41
553,Kurt,Grzeszczyk,92076 Fisk Avenue,kgrzeszczykfc@addtoany.com,154-962-7855,F,55
554,Midge,Moylane,783 Merchant Plaza,mmoylanefd@army.mil,913-577-6915,M,17
555,Werner,Harmant,28044 West Drive,wharmantfe@infoseek.co.jp,888-723-5694,M,45
556,Free,Pringley,9 Westend Hill,fpringleyff@topsy.com,591-934-4835,F,31
557,Gibb,Mitchelhill,6381 Merry Crossing,gmitchelhillfg@engadget.com,391-681-3642,M,40
558,Cobb,Gorrissen,55864 Charing Cross Road,cgorrissenfh@miibeian.gov.cn,716-364-3100,F,22
559,Tracy,Aidler,7 Spohn Lane,taidlerfi@oracle.com,521-130-8791,F,59
560,Addie,Cowperthwaite,71 Fuller Court,acowperthwaitefj@goo.gl,119-359-2065,F,72
561,Gianni,Antcliff,36110 Hazelcrest Terrace,gantclifffk@ebay.com,211-579-3288,F,23
562,Felizio,Finnis,13178 Dennis Lane,ffinnisfl@amazon.co.jp,373-283-5871,F,69
563,Corry,Chadbourne,66 Namekagon Court,cchadbournefm@weebly.com,731-252-1158,M,74
564,Tito,Thurlbourne,95075 Dakota Place,tthurlbournefn@tuttocitta.it,982-550-2800,M,29
565,Sollie,Newnham,,snewnhamfo@purevolume.com,597-980-5215,F,42
566,Meier,Brimilcome,44171 Harbort Trail,mbrimilcomefp@shareasale.com,989-984-2637,M,69
567,Tess,Keggins,89 Reinke Trail,tkegginsfq@netvibes.com,143-164-8853,M,58
568,Nester,Carson,2861 Donald Way,ncarsonfr@earthlink.net,579-674-3827,F,54
569,Clemmy,O'Logan,2735 Carey Point,cologanfs@privacy.gov.au,263-276-3573,F,76
570,Sherwood,Muck,2 Lakewood Gardens Drive,smuckft@liveinternet.ru,629-235-4183,F,71
571,Roxanna,Fridaye,042 Dovetail Terrace,rfridayefu@dell.com,340-721-3705,F,74
572,Kort,Norcliffe,93801 Riverside Parkway,knorcliffefv@bigcartel.com,942-839-0013,M,48
573,Bonni,Surridge,4 Dawn Parkway,bsurridgefw@unicef.org,671-925-7881,F,80
574,Justine,Rushbury,6860 Hoepker Plaza,jrushburyfx@biblegateway.com,566-405-0978,M,47
575,Efren,Egalton,3640 Dapin Avenue,eegaltonfy@spiegel.de,176-464-3350,F,29
576,Mayer,Bewley,46951 4th Plaza,mbewleyfz@qq.com,823-756-3176,F,58
577,Romola,Buss,42217 Rusk Court,rbussg0@icio.us,932-836-3411,M,32
578,Whitby,Khan,867 Forest Run Circle,wkhang1@intel.com,481-891-6555,M,23
579,Carly,Kiff,15670 Loeprich Way,ckiffg2@mac.com,482-643-1502,M,39
580,Neill,Bemlott,12257 Carey Hill,nbemlottg3@huffingtonpost.com,196-336-7410,F,30
581,Saunder,Rankmore,9 Melvin Way,srankmoreg4@amazon.com,244-204-4144,F,69
582,Keslie,Gilbanks,9759 Pine View Park,kgilbanksg5@studiopress.com,781-835-5934,F,35
583,Therese,Whittier,36 Steensland Crossing,twhittierg6@php.net,333-983-6874,F,50
584,Torey,Best,300 Goodland Trail,tbestg7@yolasite.com,328-312-9663,M,81
585,Denny,Mulligan,52 Arizona Hill,dmulligang8@delicious.com,331-418-2285,M,83
586,Juliana,Loseke,5 Wayridge Way,jlosekeg9@t-online.de,308-383-9524,F,70
587,Scarlett,Pirrone,00 Melvin Way,spirronega@biglobe.ne.jp,501-634-4126,,74
588,Aldous,Samwayes,800 Mitchell Parkway,asamwayesgb@moonfruit.com,345-937-4735,F,19
589,Zared,Haysom,13718 Linden Street,zhaysomgc@noaa.gov,653-255-6539,,42
590,Caitlin,Lathey,575 Nelson Place,clatheygd@bbb.org,236-587-2492,F,36
591,Delphine,Miere,1 Warbler Lane,dmierege@europa.eu,537-106-3994,M,76
592,Abrahan,Flemmich,41574 Hayes Way,aflemmichgf@google.co.uk,620-250-5184,M,61
593,Bernie,Claffey,2 Pearson Center,bclaffeygg@biblegateway.com,355-808-5043,M,61
594,Cristabel,Font,49 Mayfield Drive,cfontgh@yolasite.com,348-974-9118,F,79
595,Jobye,Fellona,6420 Huxley Avenue,jfellonagi@latimes.com,270-256-3746,M,20
596,Marlo,Jeskin,75 Fremont Terrace,mjeskingj@jigsy.com,410-179-2733,M,84
597,Harri,McNirlan,423 Westerfield Point,hmcnirlangk@examiner.com,325-874-7963,F,81
598,Arlinda,Ksandra,5686 Riverside Terrace,aksandragl@quantcast.com,951-742-2326,F,46
599,Phyllis,Goalby,921 Golf Course Hill,pgoalbygm@ow.ly,451-329-3448,M,40
600,Clemmy,Kenworthey,46474 International Place,ckenwortheygn@skyrock.com,866-128-7227,F,44
601,Judye,Connerry,9106 Monterey Park,jconnerrygo@salon.com,118-231-9787,M,85
602,Lynne,Potteril,07 Vernon Avenue,lpotterilgp@huffingtonpost.com,472-692-7691,F,60
603,Roseann,Cawthra,7 Bashford Center,rcawthragq@imdb.com,467-440-4884,M,36
604,Merrile,Proudlock,0 Artisan Junction,mproudlockgr@nih.gov,925-805-3894,F,48
605,Devlen,Leathem,0091 Bowman Court,dleathemgs@usa.gov,161-138-1090,M,39
606,Sauveur,Ruperto,810 Susan Avenue,srupertogt@cdc.gov,435-166-4547,M,27
607,Kattie,Emmanuel,3 Welch Crossing,kemmanuelgu@miitbeian.gov.cn,656-654-9417,M,21
608,Kort,Ritter,3 Mosinee Alley,krittergv@photobucket.com,393-634-3703,F,70
609,Jessamyn,Tilly,10954 Wayridge Trail,jtillygw@prnewswire.com,719-436-4339,F,37
610,Agneta,Kiessel,7 Service Terrace,akiesselgx@feedburner.com,981-162-7559,M,23
611,Birgit,Feare,07 Mockingbird Lane,bfearegy@businesswire.com,602-555-0959,F,53
612,Hersch,Steketee,68586 Wayridge Court,hsteketeegz@time.com,224-951-3535,,20
613,Raphael,Neiland,4 Bowman Road,rneilandh0@chron.com,749-422-1060,M,18
614,Adelaide,Brandenberg,9 8th Parkway,abrandenbergh1@independent.co.uk,216-966-5919,M,29
615,Mervin,Drayton,65 Claremont Way,mdraytonh2@eventbrite.com,338-267-2425,M,16
616,Bartie,Critchard,78586 Lawn Plaza,bcritchardh3@nba.com,503-193-4003,F,53
617,Binny,Lanfranconi,945 Maryland Court,blanfranconih4@zimbio.com,308-171-1729,M,32
618,Kimberly,Sifflett,76946 Dakota Plaza,ksiffletth5@is.gd,685-438-3395,F,44
619,Jody,Oxx,7 Dorton Circle,joxxh6@angelfire.com,708-916-9979,M,40
620,Gradeigh,Belfield,03016 Farmco Street,gbelfieldh7@dropbox.com,977-984-1391,M,25
621,Carmel,Eastabrook,26891 Grayhawk Terrace,ceastabrookh8@last.fm,573-108-6350,F,40
622,Ambrose,Dodshun,53237 Dorton Avenue,adodshunh9@mit.edu,194-182-4171,F,72
623,Juline,Collingridge,7584 Oneill Place,jcollingridgeha@netscape.com,474-931-3066,M,59
624,Ab,Phil,2 Pearson Terrace,aphilhb@sitemeter.com,974-209-9007,,23
625,Marysa,Melmore,9100 Northwestern Road,mmelmorehc@mysql.com,780-846-7965,M,81
626,Nonah,Nuccitelli,667 Jenna Drive,nnuccitellihd@diigo.com,864-465-9373,,75
627,Huntley,Pouton,92629 Mifflin Street,hpoutonhe@nba.com,769-847-7638,F,22
628,Yevette,Lambot,94856 Jackson Alley,ylambothf@wordpress.com,443-129-6030,F,72
629,Sayers,Ratlee,9 Troy Road,sratleehg@soundcloud.com,102-176-2547,M,66
630,Boyce,Bicheno,2 Leroy Road,bbichenohh@miibeian.gov.cn,449-573-6369,,80
631,Goldarina,Palfrie,3 Vidon Center,gpalfriehi@qq.com,751-637-3869,M,49
632,Ciro,Dowyer,7 Emmet Street,cdowyerhj@storify.com,526-881-8263,M,45
633,Nicolea,Fidal,1 Holy Cross Street,nfidalhk@meetup.com,123-646-1656,F,38
634,Alma,Dixon,6 Thierer Avenue,adixonhl@comcast.net,205-228-4814,F,56
635,Donica,Gooday,360 Ryan Trail,dgoodayhm@bing.com,742-583-3109,M,48
636,Nedda,Haresnaip,92 Tennessee Junction,nharesnaiphn@psu.edu,516-764-2149,F,20
637,Evered,Bleibaum,50476 Rowland Parkway,ebleibaumho@bizjournals.com,121-891-8813,F,22
638,Noak,Tassaker,14 Marcy Terrace,ntassakerhp@indiegogo.com,633-949-9377,F,42
639,Haywood,Abrahamsson,5727 Miller Plaza,habrahamssonhq@istockphoto.com,702-595-3874,F,65
640,Elliot,Hamman,007 Lake View Trail,ehammanhr@ebay.co.uk,609-481-9296,F,39
641,Quinta,Shorter,8 Westport Junction,qshorterhs@prlog.org,947-471-2577,M,68
642,Selina,Jeffryes,62221 Laurel Place,sjeffryesht@columbia.edu,978-826-9139,M,42
643,Zita,Mogra,6 Bultman Lane,zmograhu@tuttocitta.it,807-375-1902,M,61
644,Hymie,McNellis,04 Prairie Rose Circle,hmcnellishv@dropbox.com,819-819-0068,,16
645,Conrad,Mapowder,269 Morningstar Circle,cmapowderhw@reuters.com,378-866-4386,M,24
646,Engracia,Barenski,420 Bonner Street,ebarenskihx@arstechnica.com,695-759-9626,F,18
647,Ferdinand,Annand,7528 Shopko Avenue,fannandhy@gmpg.org,650-957-2239,F,52
648,Vida,Champkin,03436 Carberry Place,vchampkinhz@bravesites.com,845-417-7833,M,66
649,Rebekkah,Carlisi,52 Mcguire Lane,rcarlisii0@mysql.com,132-741-8550,M,71
650,Felipe,Henrique,3320 Tony Hill,fhenriquei1@cdc.gov,445-976-9902,F,42
651,Lauren,Albury,25091 Muir Way,lalburyi2@cnn.com,520-566-7365,F,71
652,Raoul,Escudier,5 Aberg Court,rescudieri3@squarespace.com,488-655-4563,F,39
653,Bradney,Earpe,544 Golf View Road,bearpei4@baidu.com,264-484-6402,M,75
654,Edouard,Courtenay,2 Anderson Trail,ecourtenayi5@1und1.de,680-557-4906,,18
655,Barnebas,Rennenbach,08 Gerald Court,brennenbachi6@techcrunch.com,518-621-3686,M,20
656,Jamie,Dacey,7 Moose Place,jdaceyi7@auda.org.au,416-918-8244,F,22
657,Ewen,Dansken,57381 Hayes Lane,edanskeni8@opera.com,713-496-1489,F,27
658,Gilbert,Alpe,418 Sunfield Point,galpei9@imgur.com,591-962-1695,M,82
659,Alfie,Willman,88071 Elgar Place,awillmania@4shared.com,216-904-1406,F,33
660,Adam,Medmore,21 Lakeland Junction,amedmoreib@yellowpages.com,841-869-5348,F,70
661,Darell,Gepheart,9552 Fulton Junction,dgepheartic@dedecms.com,566-668-6098,M,55
662,Abagael,Awde,7578 Bobwhite Alley,aawdeid@smh.com.au,799-751-0101,M,73
663,Taryn,Wraggs,1 Hallows Way,twraggsie@uol.com.br,443-389-8090,M,79
664,Jeannette,Cassell,76 Jackson Junction,jcassellif@hao123.com,163-812-5312,M,51
665,Georgetta,Grombridge,808 David Center,ggrombridgeig@lycos.com,681-837-4541,F,65
666,Burg,Finn,15 Donald Park,bfinnih@huffingtonpost.com,319-341-4920,M,69
667,Vladimir,Furnival,1106 Crescent Oaks Terrace,vfurnivalii@opera.com,170-693-2847,F,46
668,Lisette,Aseef,721 Meadow Vale Hill,laseefij@businessweek.com,214-524-7457,F,60
669,Merv,Cressingham,5 Cottonwood Parkway,mcressinghamik@barnesandnoble.com,723-704-4534,M,75
670,Frasco,Pigram,8 Eastwood Alley,fpigramil@opensource.org,433-184-1726,F,81
671,Janaye,Wadelin,4 Cordelia Trail,jwadelinim@whitehouse.gov,544-435-7539,F,24
672,Lorrayne,Maynard,5841 Hovde Road,lmaynardin@drupal.org,276-303-2010,F,58
673,Mamie,Tradewell,58 Melby Lane,mtradewellio@bloglovin.com,699-807-2634,F,37
674,Agnesse,MacParlan,77 Paget Drive,amacparlanip@jimdo.com,512-930-2998,F,64
675,Lyle,Dominick,03034 Mockingbird Court,ldominickiq@reddit.com,509-891-5209,F,18
676,Wilone,Kermode,971 Montana Road,wkermodeir@feedburner.com,494-271-1593,,77
677,Chaunce,Castel,1518 Forest Dale Plaza,ccastelis@goo.gl,621-230-4467,M,31
678,Wendel,Gottschalk,02958 Harbort Center,wgottschalkit@ask.com,105-525-9073,M,36
679,Isabeau,Parish,075 Derek Crossing,iparishiu@macromedia.com,544-861-2151,,59
680,Herculie,Breewood,556 Dorton Plaza,hbreewoodiv@chronoengine.com,639-403-5238,F,25
681,Boot,Toulch,190 5th Center,btoulchiw@networksolutions.com,902-626-3279,F,29
682,Burlie,Kettell,40 Novick Place,bkettellix@pcworld.com,861-338-5815,F,32
683,Dacey,Taggart,59 Crescent Oaks Avenue,dtaggartiy@cbsnews.com,670-978-3695,F,84
684,Faun,Bleasby,9 Harbort Road,fbleasbyiz@columbia.edu,109-351-0644,M,61
685,Reginald,Pitts,437 School Court,rpittsj0@de.vu,369-727-0100,F,65
686,Larisa,Streetfield,305 Rockefeller Point,lstreetfieldj1@ehow.com,224-804-9552,,16
687,Colin,Woolston,7835 Dawn Avenue,cwoolstonj2@jimdo.com,487-190-9145,,72
688,Averil,Lochead,98 Scoville Center,alocheadj3@webeden.co.uk,636-477-2509,M,16
689,Salomone,Gerlack,68207 1st Circle,sgerlackj4@newsvine.com,239-839-0125,M,55
690,Parnell,Landsman,84789 Amoth Court,plandsmanj5@photobucket.com,274-993-4066,M,45
691,Izabel,Prantl,85 Sullivan Way,iprantlj6@yellowbook.com,204-643-8855,M,18
692,Brockie,Veld,431 Graceland Circle,bveldj7@unblog.fr,376-409-0268,M,63
693,Karlis,Ogelsby,51 Schmedeman Pass,kogelsbyj8@miitbeian.gov.cn,154-329-5759,,27
694,Sumner,Pickless,96007 Rigney Hill,spicklessj9@mlb.com,976-903-9119,M,26
695,Emyle,Beller,55 Mallory Park,ebellerja@illinois.edu,568-806-7516,,63
696,Nico,Cleall,192 Coolidge Alley,nclealljb@slate.com,504-277-9231,F,66
697,Annie,Housin,65 Forest Dale Court,ahousinjc@state.gov,473-445-4076,M,27
698,Fayth,Morehall,6925 Westerfield Avenue,fmorehalljd@nasa.gov,801-589-1907,M,69
699,Jacob,Dursley,999 Cardinal Parkway,jdursleyje@jimdo.com,841-258-4850,M,26
700,Bay,Auletta,067 Gina Park,baulettajf@github.io,497-178-0363,M,63
701,Lauri,Frend,572 Oxford Place,lfrendjg@theguardian.com,684-257-1819,F,57
702,Caitrin,Kidde,78756 Longview Road,ckiddejh@indiatimes.com,772-300-5159,M,19
703,Norman,Colmer,1691 Kings Hill,ncolmerji@xrea.com,679-582-2181,F,31
704,Roxanna,Glassman,826 Sheridan Plaza,rglassmanjj@psu.edu,304-669-0686,,18
705,Shana,Twidale,01 Marcy Terrace,stwidalejk@ning.com,460-893-5166,M,82
706,Glad,Brandsma,6294 David Avenue,gbrandsmajl@skype.com,795-948-4044,F,50
707,Sosanna,Filyukov,0 David Crossing,sfilyukovjm@nymag.com,835-351-2321,F,63
708,Victoir,Sterricks,289 Almo Trail,vsterricksjn@hibu.com,399-656-8525,F,72
709,Cristen,Blackhurst,340 Sherman Place,cblackhurstjo@jalbum.net,673-645-9002,M,68
710,Kathe,Sline,5171 Vera Avenue,kslinejp@si.edu,479-291-4366,F,36
711,Elli,Skillings,683 Packers Road,eskillingsjq@soundcloud.com,621-762-9035,M,38
712,Hillel,Bengle,5 Manley Alley,hbenglejr@ask.com,158-839-8045,F,61
713,Mac,Dilke,0375 Mariners Cove Avenue,mdilkejs@e-recht24.de,558-779-1313,F,68
714,Caron,Langhorn,023 Leroy Pass,clanghornjt@163.com,595-870-0912,M,34
715,Salvador,Learmond,47263 Twin Pines Trail,slearmondju@cbsnews.com,680-687-1145,M,27
716,Sabrina,Triggel,27 Welch Street,striggeljv@goodreads.com,126-614-1345,,75
717,Ewan,Hows,24 Arkansas Junction,ehowsjw@oracle.com,600-116-6437,F,79
718,Purcell,Howchin,86 Fairfield Court,phowchinjx@godaddy.com,355-496-8118,F,23
719,Astrid,Fleckno,36 Hayes Circle,aflecknojy@sun.com,889-120-2463,M,68
720,Salomi,Motten,90817 Kim Crossing,smottenjz@gmpg.org,398-263-0732,M,36
721,Agnese,Sempill,01 Buena Vista Plaza,asempillk0@newsvine.com,748-273-6097,M,26
722,Gaspar,Staterfield,236 Sunnyside Alley,gstaterfieldk1@opensource.org,985-705-2383,M,85
723,Ninnette,Pilbeam,5 Service Park,npilbeamk2@fotki.com,516-702-5178,F,69
724,Clemmy,Midson,405 Oak Parkway,cmidsonk3@sfgate.com,262-782-2777,M,71
725,Elna,Rawlingson,7 1st Lane,erawlingsonk4@wunderground.com,643-558-2081,F,65
726,Mariam,Cowen,46284 Atwood Terrace,mcowenk5@weebly.com,370-117-1149,F,22
727,Agosto,Coram,447 School Drive,acoramk6@linkedin.com,986-681-3739,M,73
728,Francis,Scranney,11 Ronald Regan Circle,fscranneyk7@state.gov,337-321-4778,F,56
729,Rozelle,Dominguez,119 Fordem Plaza,rdominguezk8@google.ca,454-636-4367,M,27
730,Roddy,Treneman,90415 Drewry Park,rtrenemank9@sciencedirect.com,863-252-0035,M,32
731,Desmond,Speed,401 Melody Lane,dspeedka@mysql.com,538-745-7606,F,65
732,Kaela,Langmuir,23190 Charing Cross Pass,klangmuirkb@slashdot.org,808-284-5707,F,58
733,Enrica,Cowern,892 Sloan Park,ecowernkc@blogger.com,913-333-1606,F,24
734,Heall,Albers,49 Schiller Place,halberskd@sogou.com,602-252-5818,M,48
735,Jaquelin,Kinch,46 Merchant Center,jkinchke@uiuc.edu,406-923-2387,F,71
736,Issi,Savill,5476 Upham Center,isavillkf@google.de,519-808-1980,M,45
737,Ruthanne,Hurtado,3 Mayer Place,rhurtadokg@123-reg.co.uk,514-609-1469,F,28
738,Alvis,Prowting,4 Evergreen Street,aprowtingkh@vkontakte.ru,870-635-9188,M,62
739,Clementine,Marfe,3 Dennis Junction,cmarfeki@geocities.jp,246-234-3037,M,66
740,Christoper,Rist,139 Sauthoff Place,cristkj@nifty.com,423-592-3282,M,44
741,Marijo,Moxley,80 Forster Trail,mmoxleykk@scientificamerican.com,469-580-1520,F,78
742,Tobit,Binks,20072 Becker Circle,tbinkskl@istockphoto.com,817-318-2765,F,68
743,Julie,Taylot,75 Doe Crossing Court,jtaylotkm@howstuffworks.com,445-779-1943,M,19
744,Jeanine,Twiggs,3280 Hagan Lane,jtwiggskn@phpbb.com,174-669-6763,M,44
745,Daloris,Latore,854 Corben Lane,dlatoreko@over-blog.com,922-643-8434,F,46
746,Tiertza,Axel,2479 Moulton Crossing,taxelkp@slideshare.net,681-139-7873,M,53
747,Thurstan,Whitechurch,75158 Comanche Point,twhitechurchkq@yale.edu,750-307-4408,M,23
748,Pris,Nyland,38 Erie Junction,pnylandkr@ihg.com,720-202-0906,M,22
749,Berkly,Bath,73 Autumn Leaf Drive,bbathks@loc.gov,543-855-6833,,62
750,Hamlin,McGarrity,2176 Rockefeller Alley,hmcgarritykt@howstuffworks.com,774-540-5309,M,34
751,Roxine,Dronsfield,67 Banding Street,rdronsfieldku@zimbio.com,107-321-4094,F,22
752,Robinson,Stanbro,2 Blaine Court,rstanbrokv@yellowpages.com,567-448-1711,F,37
753,Andreas,Yearnes,63708 Dixon Road,ayearneskw@infoseek.co.jp,966-486-0911,F,80
754,Codi,Church,181 Sugar Place,cchurchkx@51.la,518-136-1552,,45
755,Archibold,De Domenici,5772 Lindbergh Alley,adedomeniciky@parallels.com,322-159-0922,F,48
756,Nels,Spadeck,604 Lakewood Gardens Center,nspadeckkz@symantec.com,381-146-9800,M,66
757,Octavia,Rutland,35012 Westerfield Road,orutlandl0@theglobeandmail.com,127-954-6270,F,17
758,Aluino,Selborne,72166 Di Loreto Lane,aselbornel1@desdev.cn,967-785-2460,M,85
759,Emlynne,Harmson,695 Golf Junction,eharmsonl2@businesswire.com,249-960-9592,F,66
760,Ninnette,Gabbatiss,5 East Crossing,ngabbatissl3@chicagotribune.com,199-788-1779,F,76
761,Claribel,Drinan,4706 Darwin Plaza,cdrinanl4@google.pl,858-132-5825,F,30
762,Katharyn,Danielovitch,49 Hayes Lane,kdanielovitchl5@paypal.com,921-141-5050,M,39
763,Normy,Eakley,44 Truax Park,neakleyl6@sohu.com,724-346-2005,M,67
764,Dewain,Bittleson,249 Melody Trail,dbittlesonl7@bbc.co.uk,404-834-6533,M,60
765,Consuelo,Rubke,21044 Doe Crossing Drive,crubkel8@redcross.org,496-468-8731,F,32
766,Bonnie,Barette,280 Mandrake Place,bbarettel9@usa.gov,958-335-0148,,79
767,Menard,Weatherall,5105 Longview Center,mweatherallla@kickstarter.com,206-985-6718,,16
768,Friederike,Mellmoth,57 Sauthoff Circle,fmellmothlb@whitehouse.gov,878-808-1587,M,44
769,Jennee,Dotterill,891 Schurz Circle,jdotterilllc@chicagotribune.com,486-646-8532,F,45
770,Rosy,Skilton,0 Jay Court,rskiltonld@desdev.cn,373-546-7218,M,69
771,Carine,Woolf,31312 5th Parkway,cwoolfle@is.gd,430-671-2334,M,24
772,Ashby,Eastbrook,8845 Thompson Road,aeastbrooklf@ebay.co.uk,527-503-1692,M,54
773,Piotr,Axton,7 Stoughton Lane,paxtonlg@histats.com,825-653-4526,M,62
774,Cazzie,Prendeville,,cprendevillelh@moonfruit.com,702-994-3593,F,35
775,Una,Futter,85 Elgar Park,ufutterli@reverbnation.com,740-371-7797,,38
776,Natal,Terbrug,30359 Evergreen Point,nterbruglj@goo.ne.jp,579-716-6482,F,42
777,Kaleena,Jolley,8 Anthes Court,kjolleylk@bing.com,166-527-3962,F,61
778,Tristan,Mirfin,4105 Dayton Parkway,tmirfinll@spiegel.de,141-300-8222,M,47
779,Marina,Strainge,37798 Lindbergh Park,mstraingelm@pcworld.com,728-369-2163,F,27
780,Kennedy,Chaloner,18610 Utah Park,kchalonerln@bandcamp.com,824-975-8232,F,78
781,Marcile,Zannolli,623 Crowley Court,mzannollilo@mlb.com,189-317-8647,M,55
782,Nedi,Day,47022 La Follette Terrace,ndaylp@craigslist.org,957-235-0951,M,51
783,Court,Cowherd,236 Oak Valley Street,ccowherdlq@google.nl,340-403-5551,F,79
784,Robinet,Bernardoux,298 Sundown Place,rbernardouxlr@dailymail.co.uk,932-114-6784,F,75
785,Tamera,Ronnay,209 Hallows Street,tronnayls@tuttocitta.it,168-309-8754,F,74
786,Lincoln,Canny,85524 Lakeland Drive,lcannylt@webmd.com,229-357-8678,M,85
787,Tiffany,Ackery,174 Granby Junction,tackerylu@tinyurl.com,993-540-9846,F,27
788,Alicia,Airy,1256 Spenser Drive,aairylv@ycombinator.com,825-512-5737,,64
789,Nicholas,Di Lucia,04 Badeau Avenue,ndilucialw@reddit.com,435-143-2171,M,85
790,Kaylee,Sighard,7 Village Green Drive,ksighardlx@ning.com,723-295-5233,M,85
791,Arabele,Soppeth,01600 Clyde Gallagher Crossing,asoppethly@amazon.co.jp,657-233-4695,F,41
792,Vanni,Leggatt,41026 Leroy Street,vleggattlz@artisteer.com,615-378-4605,M,40
793,Joane,Ridel,6980 Lakewood Trail,jridelm0@liveinternet.ru,250-126-3726,M,20
794,Moore,Merrill,150 Ridgeway Junction,mmerrillm1@mapquest.com,328-688-1956,M,78
795,Shanna,Tanfield,07051 American Drive,stanfieldm2@tripadvisor.com,430-190-4382,F,84
796,Ethelda,Payley,3 Anniversary Street,epayleym3@mozilla.org,893-452-3839,F,69
797,Valry,Doyley,58 Russell Terrace,vdoyleym4@zimbio.com,165-765-8420,M,82
798,Adam,Joice,52 Blaine Point,ajoicem5@mozilla.org,480-777-6453,M,61
799,Robert,Deakan,5 Anderson Drive,rdeakanm6@simplemachines.org,957-288-7769,M,57
800,Erl,Danielczyk,36 Sundown Park,edanielczykm7@prlog.org,602-244-3890,F,76
801,Padgett,Ballintime,0586 Carberry Alley,pballintimem8@a8.net,440-603-0121,M,66
802,Katlin,Battison,7 Kim Lane,kbattisonm9@cnn.com,920-549-0489,M,53
803,Lorain,Mole,98 Granby Point,lmolema@i2i.jp,106-424-2673,M,42
804,Kelila,McHugh,51317 Sheridan Road,kmchughmb@nature.com,196-377-8402,F,40
805,Jorrie,Pauly,2263 Mariners Cove Street,jpaulymc@shop-pro.jp,687-966-2986,M,85
806,Rosabel,Tomisch,212 Dwight Lane,rtomischmd@163.com,258-709-5876,,35
807,Rosabella,Slot,0 Erie Hill,rslotme@exblog.jp,854-127-5575,F,16
808,Romola,Cornell,7 Lakewood Gardens Lane,rcornellmf@sciencedirect.com,159-514-5207,M,23
809,Rollo,Hurdis,310 Elgar Lane,rhurdismg@lulu.com,294-664-9910,M,55
810,Derrik,Pomroy,,dpomroymh@360.cn,887-598-5579,F,54
811,Keary,McCurlye,23 Helena Lane,kmccurlyemi@adobe.com,551-167-2664,F,75
812,Sisely,Morphew,1 Center Crossing,smorphewmj@auda.org.au,176-802-1787,F,36
813,Rosabella,Farlham,49 Everett Trail,rfarlhammk@soup.io,760-285-3322,F,47
814,Isaak,Skinley,8497 Fieldstone Center,iskinleyml@constantcontact.com,633-950-7610,,57
815,Leilah,Lober,89578 Pine View Trail,llobermm@apple.com,378-994-8196,,80
816,Clari,Edeler,46392 Tony Way,cedelermn@youtube.com,238-822-8781,F,60
817,Armstrong,Duchatel,286 Leroy Park,aduchatelmo@japanpost.jp,846-844-7631,F,41
818,Rip,Petrelli,37014 Garrison Circle,rpetrellimp@webmd.com,867-686-5904,M,36
819,Marline,Blizard,3092 Stoughton Park,mblizardmq@newsvine.com,647-634-8697,F,35
820,Hatty,Willden,0 Huxley Plaza,hwilldenmr@zimbio.com,966-485-0663,M,79
821,Prescott,Amesbury,642 Mosinee Place,pamesburyms@behance.net,249-516-1890,F,31
822,Charmane,Dracey,,cdraceymt@indiatimes.com,413-155-9424,,21
823,Sybil,Mursell,2 Buhler Point,smursellmu@mozilla.com,819-691-4230,F,36
824,See,Barnby,678 Oriole Hill,sbarnbymv@geocities.jp,340-701-0101,F,62
825,Seymour,Lumsdaine,914 Melrose Point,slumsdainemw@miibeian.gov.cn,886-387-0189,F,57
826,Sanders,Folomkin,8 Dakota Crossing,sfolomkinmx@diigo.com,171-609-0866,M,63
827,Rich,Issac,05 Calypso Alley,rissacmy@csmonitor.com,376-877-4247,,62
828,Rowney,Farland,36961 Blue Bill Park Hill,rfarlandmz@yandex.ru,385-337-4931,M,63
829,Gerry,Espadas,3121 Roxbury Terrace,gespadasn0@usnews.com,990-978-9465,,67
830,Bryna,Dyerson,0053 Cherokee Court,bdyersonn1@economist.com,961-626-4298,F,57
831,Kyle,Scatcher,52324 Delaware Terrace,kscatchern2@so-net.ne.jp,433-434-0940,M,66
832,Noelle,Tankus,17 John Wall Alley,ntankusn3@wunderground.com,253-167-7275,F,54
833,Jana,Skipp,238 Rockefeller Point,jskippn4@rakuten.co.jp,573-709-3901,,41
834,Trefor,Zimmer,2 Lake View Parkway,tzimmern5@jigsy.com,385-828-7469,F,73
835,Aldous,Lamperd,9 Clove Center,alamperdn6@eepurl.com,597-210-1201,M,69
836,Israel,Cesaric,9642 Merry Alley,icesaricn7@bandcamp.com,177-950-2937,F,43
837,Cilka,Parramore,5 Fairfield Street,cparramoren8@wunderground.com,744-307-1615,M,53
838,Ruy,Bradnum,9260 Knutson Point,rbradnumn9@scribd.com,624-857-2152,M,74
839,Cazzie,Tonna,987 Hudson Alley,ctonnana@rediff.com,321-925-7144,M,39
840,Harlin,Blazej,6210 Vernon Road,hblazejnb@flickr.com,392-147-5371,M,31
841,Edeline,Busch,8459 Jana Court,ebuschnc@bigcartel.com,702-136-3111,F,74
842,Evy,Terne,57 Myrtle Avenue,eternend@nationalgeographic.com,163-180-0191,F,77
843,Kinsley,Weatherill,0911 Cardinal Park,kweatherillne@elegantthemes.com,175-297-1066,M,45
844,Gardy,Bambrugh,1532 Steensland Way,gbambrughnf@narod.ru,709-869-4655,M,42
845,Minne,Huonic,49071 Westridge Parkway,mhuonicng@woothemes.com,268-893-2900,M,65
846,Walliw,Harbach,,wharbachnh@samsung.com,469-445-3598,,65
847,Filberte,Kindell,9545 Morning Drive,fkindellni@ezinearticles.com,163-824-1861,F,48
848,Roxy,Dennerley,06 Larry Park,rdennerleynj@theglobeandmail.com,826-519-7347,M,54
849,Ximenez,Torricella,71979 Bowman Parkway,xtorricellank@irs.gov,808-979-0318,M,48
850,Riobard,Andresen,7308 Green Parkway,randresennl@ovh.net,465-761-0368,M,53
851,Tallulah,Renner,1042 Gulseth Alley,trennernm@github.io,238-974-4864,F,64
852,Erick,Inchboard,4 Farwell Terrace,einchboardnn@seesaa.net,367-214-7780,M,31
853,Marj,Haggie,619 Mayer Drive,mhaggieno@addtoany.com,102-931-0394,F,64
854,Regan,Fedorski,6203 Beilfuss Trail,rfedorskinp@sun.com,743-134-4039,M,78
855,Lacee,Gower,115 Morning Terrace,lgowernq@topsy.com,800-932-5944,M,27
856,Murry,Spraberry,4924 Farmco Center,mspraberrynr@hexun.com,507-912-0886,F,66
857,Mead,Gossage,50969 John Wall Drive,mgossagens@google.com.hk,592-769-7468,F,60
858,Dell,Greenwell,092 Hoepker Point,dgreenwellnt@blogspot.com,195-811-6304,M,76
859,Garrott,Nozzolii,70 Thackeray Way,gnozzoliinu@mashable.com,323-197-3435,M,67
860,Kenn,Piolli,14 Saint Paul Center,kpiollinv@usa.gov,755-895-4199,M,38
861,Uri,De Pietri,52 Menomonie Way,udepietrinw@exblog.jp,406-279-4704,,71
862,Noemi,Marlen,274 Summer Ridge Hill,nmarlennx@cbslocal.com,172-522-9577,,37
863,Granny,Quemby,7927 Mosinee Place,gquembyny@chron.com,895-804-8346,,39
864,Carey,Pizzey,3256 Starling Place,cpizzeynz@timesonline.co.uk,867-239-4038,,75
865,Fay,Merricks,89 Carey Lane,fmerrickso0@github.com,804-766-2096,F,16
866,Rafa,De Malchar,82 Rusk Avenue,rdemalcharo1@psu.edu,449-749-4186,F,68
867,Hadrian,Buckeridge,9223 Mesta Parkway,hbuckeridgeo2@bing.com,868-204-5479,M,46
868,Marion,Fowlie,429 Randy Place,mfowlieo3@smugmug.com,426-272-0613,F,52
869,Grange,Larmet,373 Everett Way,glarmeto4@time.com,440-310-3383,F,71
870,Devina,Dearnley,2 Warrior Hill,ddearnleyo5@upenn.edu,956-152-7559,M,83
871,Elroy,De Pero,05789 Sloan Park,edeperoo6@bigcartel.com,745-873-5138,,51
872,Doralynne,Muddle,79298 Thackeray Crossing,dmuddleo7@dropbox.com,308-759-8449,,80
873,Washington,Scamerdine,438 Rigney Parkway,wscamerdineo8@intel.com,364-895-1258,M,62
874,Rem,Howell,0 Dapin Way,rhowello9@adobe.com,464-457-1369,M,41
875,Bryan,Mansbridge,45 Old Shore Crossing,bmansbridgeoa@mediafire.com,249-736-6934,F,18
876,Martguerita,Anglin,15555 Emmet Road,manglinob@pbs.org,134-365-0197,M,58
877,Noella,Kynastone,6 Ramsey Alley,nkynastoneoc@flavors.me,494-517-3945,,43
878,Torry,Pethrick,5529 Monument Terrace,tpethrickod@unesco.org,685-873-5838,F,51
879,Vanessa,Hastelow,07 Warrior Parkway,vhastelowoe@springer.com,505-709-2361,F,20
880,Herc,McGoldrick,511 Troy Pass,hmcgoldrickof@huffingtonpost.com,717-812-6508,F,29
881,Burr,Quartly,49 Killdeer Drive,bquartlyog@adobe.com,554-507-7435,M,68
882,Merwin,Attarge,8310 Cody Street,mattargeoh@spiegel.de,312-272-3889,M,55
883,Kitti,Raccio,3869 Starling Pass,kracciooi@dyndns.org,641-544-2519,F,78
884,Darby,Pillinger,338 Swallow Pass,dpillingeroj@wiley.com,751-756-4831,,41
885,Reggie,Rymell,74942 Melby Alley,rrymellok@nymag.com,270-975-9157,,23
886,Candie,Sandell,8 Pennsylvania Alley,csandellol@angelfire.com,988-672-9687,F,62
887,Shellysheldon,Lelande,461 Service Avenue,slelandeom@yandex.ru,339-530-7259,F,80
888,Bobbee,Pound,92683 Cardinal Trail,bpoundon@deviantart.com,331-663-3978,M,47
889,Jyoti,Yaxley,8490 Autumn Leaf Place,jyaxleyoo@goo.gl,962-473-7182,F,72
890,Elliot,Gehricke,1501 Acker Junction,egehrickeop@tamu.edu,732-365-2618,F,82
891,Farly,Levet,576 Fremont Avenue,flevetoq@addthis.com,115-151-2439,,24
892,Coretta,Mingaye,17 Union Junction,cmingayeor@slideshare.net,439-818-6986,F,16
893,Nathalia,O'Callaghan,4232 Gale Lane,nocallaghanos@canalblog.com,213-121-5924,F,67
894,Shaun,Leslie,7695 Blue Bill Park Avenue,sleslieot@time.com,478-195-1175,F,84
895,Mavra,McKernon,48098 Atwood Alley,mmckernonou@buzzfeed.com,851-549-6502,F,48
896,Tallou,Pickard,399 Luster Hill,tpickardov@printfriendly.com,467-914-5360,M,64
897,Deloris,Ainscough,10474 High Crossing Court,dainscoughow@google.cn,361-502-3903,M,50
898,Jolyn,Westlake,023 Mccormick Park,jwestlakeox@4shared.com,554-942-2269,M,16
899,Walt,Cund,8 Westerfield Road,wcundoy@globo.com,901-688-0107,F,85
900,Davon,Brennand,22 Fairfield Court,dbrennandoz@tinyurl.com,634-900-4783,F,60
901,Sim,Mendes,51 Steensland Way,smendesp0@techcrunch.com,692-315-9707,F,24
902,Mikaela,Szimoni,12419 High Crossing Trail,mszimonip1@amazon.com,215-633-7208,F,20
903,Cody,Bartolozzi,0 Corry Lane,cbartolozzip2@earthlink.net,295-247-4232,M,62
904,Melessa,Brewster,869 Vernon Hill,mbrewsterp3@blogger.com,126-608-3210,F,73
905,Mick,Pikett,86373 Sugar Road,mpikettp4@mayoclinic.com,807-749-4085,M,81
906,Quint,Morriarty,3956 Amoth Road,qmorriartyp5@spiegel.de,191-869-5032,M,48
907,Joella,Volage,982 International Point,jvolagep6@hatena.ne.jp,821-245-2148,F,64
908,Jaime,Benoey,,jbenoeyp7@dailymail.co.uk,603-319-0644,,59
909,Georgianne,felip,35328 Dwight Avenue,gfelipp8@redcross.org,912-600-6225,F,82
910,Waldo,Sharma,46447 West Avenue,wsharmap9@toplist.cz,454-453-1055,M,65
911,Darya,Nollet,479 Stephen Drive,dnolletpa@oracle.com,133-649-4589,F,80
912,Lelia,Buten,4843 Hallows Road,lbutenpb@creativecommons.org,642-919-3724,F,54
913,Jesus,Voisey,6262 7th Alley,jvoiseypc@sciencedaily.com,287-741-6697,M,51
914,Caspar,Presser,40 Kedzie Parkway,cpresserpd@unc.edu,635-555-0767,M,52
915,Berton,Cestard,,bcestardpe@spiegel.de,862-613-3570,M,61
916,Carri,Bruckenthal,34 Little Fleur Road,cbruckenthalpf@earthlink.net,305-323-0402,M,28
917,Allene,Crosetti,7 Sutteridge Avenue,acrosettipg@cnn.com,330-436-3040,F,70
918,Trevor,Pohling,80 Scoville Junction,tpohlingph@ustream.tv,500-518-8634,M,34
919,Miles,Gilson,9 Delladonna Point,mgilsonpi@google.com.au,848-976-0814,M,82
920,Bliss,Fotitt,2382 Scofield Park,bfotittpj@lulu.com,699-773-1583,,30
921,Darsey,Heinlein,54 Moulton Junction,dheinleinpk@hexun.com,829-313-4844,F,35
922,Arabella,Attenborough,4 Jay Crossing,aattenboroughpl@marketwatch.com,285-590-5015,F,54
923,Richart,Darke,9377 Sunfield Park,rdarkepm@msn.com,689-717-7985,M,18
924,Katalin,Ventham,523 Fordem Avenue,kventhampn@aboutads.info,765-409-7840,F,35
925,Mickie,Lewington,6048 Elmside Center,mlewingtonpo@bigcartel.com,418-187-0754,F,24
926,Antoinette,Heathcote,7 Warrior Circle,aheathcotepp@mozilla.org,126-452-4127,M,52
927,Carlie,Gladhill,63 Coolidge Parkway,cgladhillpq@narod.ru,944-120-3416,F,60
928,Shandee,Northeast,52 Claremont Circle,snortheastpr@icq.com,828-997-7050,M,71
929,Tonia,Georgievski,9273 Bluejay Street,tgeorgievskips@hc360.com,890-859-1367,F,53
930,Lane,Kilian,5 Luster Way,lkilianpt@zdnet.com,423-711-0320,M,51
931,Hermon,McGrirl,98947 Warner Trail,hmcgrirlpu@gov.uk,249-788-2474,F,74
932,Ezri,Pellingar,3 Eastwood Terrace,epellingarpv@tinypic.com,105-215-3373,F,22
933,Kennett,Knewstubb,9410 Sundown Junction,kknewstubbpw@photobucket.com,917-191-6542,M,48
934,Lula,Garfit,193 International Park,lgarfitpx@geocities.jp,726-227-5965,F,17
935,Addia,Hathorn,751 Marquette Street,ahathornpy@xrea.com,898-257-4581,F,47
936,Dasie,Guinane,168 Buhler Way,dguinanepz@narod.ru,747-212-1159,M,68
937,Jacky,Valentim,8973 Magdeline Terrace,jvalentimq0@youku.com,448-210-8759,F,52
938,Hewe,Bigg,76 Prairie Rose Point,hbiggq1@yahoo.com,448-193-3899,,28
939,Sherri,Wortt,1044 Stone Corner Crossing,sworttq2@samsung.com,827-230-1937,F,27
940,Portia,Seery,,pseeryq3@dot.gov,712-238-3372,F,48
941,Lane,Grcic,1826 Grasskamp Center,lgrcicq4@bbc.co.uk,569-235-9980,F,48
942,Anya,Vagg,185 Red Cloud Drive,avaggq5@businessinsider.com,477-277-9850,M,22
943,Kennan,Skiggs,09 Trailsway Lane,kskiggsq6@businessweek.com,877-499-3716,F,18
944,Elmira,Giraldon,36261 Loomis Street,egiraldonq7@chicagotribune.com,214-246-0389,M,47
945,Fredrick,Stratley,678 Clemons Court,fstratleyq8@parallels.com,964-208-5638,,81
946,Virgina,Peaddie,2 Vera Avenue,vpeaddieq9@linkedin.com,945-652-9427,M,57
947,Isak,Skey,3 Forster Center,iskeyqa@cafepress.com,773-918-5537,,17
948,Ricki,Tetla,7 Everett Center,rtetlaqb@jalbum.net,456-656-7972,F,63
949,Genvieve,Chart,2212 Manitowish Court,gchartqc@ed.gov,276-920-9391,F,79
950,Harriott,Jeffress,3 Katie Junction,hjeffressqd@exblog.jp,878-971-2730,M,41
951,Hilliary,McNickle,83 Killdeer Parkway,hmcnickleqe@theglobeandmail.com,269-151-8007,F,43
952,Cordi,Sanper,0225 Rusk Circle,csanperqf@bloglovin.com,827-774-7023,F,81
953,Will,Charlson,29136 Clemons Junction,wcharlsonqg@people.com.cn,757-308-1747,M,33
954,Liana,Gainforth,3 Dwight Parkway,lgainforthqh@ask.com,597-156-7435,F,78
955,Web,Oxshott,949 Springview Court,woxshottqi@wikia.com,978-303-4395,F,66
956,Augustin,Swapp,8 Delladonna Circle,aswappqj@barnesandnoble.com,424-436-2877,M,41
957,Ab,Hammon,8 Westport Center,ahammonqk@wp.com,131-631-9329,F,46
958,Renelle,Chastney,5053 Summerview Place,rchastneyql@yandex.ru,369-335-8066,M,72
959,Francoise,Filyukov,23 Autumn Leaf Drive,ffilyukovqm@epa.gov,799-502-3404,M,60
960,Tova,Akast,14062 Graceland Point,takastqn@soundcloud.com,467-917-3766,M,67
961,Christina,Macak,498 Norway Maple Drive,cmacakqo@desdev.cn,833-620-2083,F,62
962,Pepillo,Kilbourn,0 Namekagon Hill,pkilbournqp@fotki.com,956-110-6039,F,33
963,Mikkel,Pagel,9173 Portage Parkway,mpagelqq@webs.com,119-641-1851,M,17
964,Jordana,Radoux,08 Graceland Avenue,jradouxqr@kickstarter.com,468-691-8266,M,81
965,Isador,Eckley,90 Armistice Avenue,ieckleyqs@loc.gov,579-286-1813,F,28
966,Erhard,Cafe,8 Roxbury Alley,ecafeqt@ovh.net,499-601-4739,M,36
967,Yvon,Kleinstub,84 Kings Center,ykleinstubqu@apple.com,667-644-6820,M,23
968,Cortie,Merrett,09 Corscot Center,cmerrettqv@mapy.cz,149-150-6214,M,29
969,Cleon,Gudgeon,9 Stang Road,cgudgeonqw@over-blog.com,253-731-6247,M,62
970,Frasier,Megainey,8 Aberg Street,fmegaineyqx@unblog.fr,254-312-0440,,82
971,Johnnie,Jerche,41776 Tennessee Terrace,jjercheqy@mozilla.org,337-400-0287,M,74
972,Bartlett,Malatalant,3 Stoughton Place,bmalatalantqz@issuu.com,402-867-1256,M,19
973,Janella,Bossons,7 Derek Park,jbossonsr0@clickbank.net,903-911-4317,F,24
974,Minerva,Geelan,2 Clove Pass,mgeelanr1@twitpic.com,633-112-7444,M,68
975,Sebastian,Leil,5 Crescent Oaks Point,sleilr2@abc.net.au,771-769-7802,,30
976,Siegfried,Bowcock,08 Burrows Parkway,sbowcockr3@uol.com.br,194-132-2263,F,80
977,Edy,Jeduch,7 Rusk Court,ejeduchr4@china.com.cn,258-424-0293,F,84
978,Adair,Penniell,,apenniellr5@europa.eu,818-985-3482,F,28
979,Flemming,Shambrook,4 Crownhardt Park,fshambrookr6@house.gov,181-575-4373,,60
980,Constantine,Desborough,402 Forest Dale Way,cdesboroughr7@exblog.jp,894-738-7414,M,20
981,Corny,Jakov,304 Melby Way,cjakovr8@nature.com,852-265-4669,F,51
982,Garrett,Garmanson,94 Golf View Parkway,ggarmansonr9@list-manage.com,767-565-6326,M,18
983,Jonis,Stanbro,5454 Prentice Pass,jstanbrora@photobucket.com,794-924-5470,,38
984,Margy,Arnold,4198 East Road,marnoldrb@sakura.ne.jp,648-167-1266,F,68
985,Craggie,Edards,9537 Sugar Terrace,cedardsrc@globo.com,663-513-5943,M,17
986,Chariot,Tams,61 Northridge Point,ctamsrd@dropbox.com,934-459-9682,F,33
987,Elvyn,Fike,33278 6th Place,efikere@oracle.com,193-566-2684,M,20
988,Klara,Sewart,6785 Schurz Center,ksewartrf@google.cn,467-918-5107,M,75
989,Minne,O'Finan,16683 Forest Street,mofinanrg@stanford.edu,123-292-6958,F,40
990,Cordell,Bagster,63 Forest Dale Alley,cbagsterrh@abc.net.au,773-287-7620,M,23
991,Alexei,Heaney`,694 Banding Junction,aheaneyri@delicious.com,168-476-3073,,32
992,Bertha,Ditter,188 Division Junction,bditterrj@state.tx.us,763-225-4749,M,31
993,Hadleigh,Bill,35 Pankratz Point,hbillrk@psu.edu,702-186-6230,F,80
994,Dugald,McCaughren,,dmccaughrenrl@woothemes.com,925-831-8867,M,48
995,Ailsun,Trenfield,5 Derek Center,atrenfieldrm@ebay.com,415-823-5830,M,70
996,Marketa,Dobbins,62 Manley Lane,mdobbinsrn@acquirethisname.com,566-734-9188,F,84
997,Delmore,Ilyinykh,0 Iowa Lane,dilyinykhro@nydailynews.com,232-107-8936,,72
998,Lonnie,O' Shea,6 Valley Edge Avenue,loshearp@deviantart.com,850-187-3203,F,37
999,Regina,Lorenc,00680 Nevada Drive,rlorencrq@delicious.com,706-455-9624,F,81
1000,Brnaby,Rilton,31866 Fairfield Avenue,briltonrr@trellian.com,947-367-5113,F,44
